[{"stream_name":"stderr","time":7.063745138,"data":"0.00s - Debugger warning: It seems that frozen modules are being used, which may\n"}
,{"stream_name":"stderr","time":7.06383648,"data":"0.00s - make the debugger miss breakpoints. Please pass -Xfrozen_modules=off\n"}
,{"stream_name":"stderr","time":7.063845496,"data":"0.00s - to python to disable frozen modules.\n"}
,{"stream_name":"stderr","time":7.063850235,"data":"0.00s - Note: Debugging will proceed. Set PYDEVD_DISABLE_FILE_VALIDATION=1 to disable this validation.\n"}
,{"stream_name":"stderr","time":7.741578764,"data":"0.00s - Debugger warning: It seems that frozen modules are being used, which may\n"}
,{"stream_name":"stderr","time":7.741618588,"data":"0.00s - make the debugger miss breakpoints. Please pass -Xfrozen_modules=off\n"}
,{"stream_name":"stderr","time":7.7416259929999995,"data":"0.00s - to python to disable frozen modules.\n"}
,{"stream_name":"stderr","time":7.741631996,"data":"0.00s - Note: Debugging will proceed. Set PYDEVD_DISABLE_FILE_VALIDATION=1 to disable this validation.\n"}
,{"stream_name":"stdout","time":11.159308895,"data":"\u001b[31mERROR: Could not find a version that satisfies the requirement torch==2.0.1 (from versions: none)\u001b[0m\u001b[31m\r\n"}
,{"stream_name":"stdout","time":11.159355254,"data":"\u001b[0m\u001b[31mERROR: No matching distribution found for torch==2.0.1\u001b[0m\u001b[31m\r\n"}
,{"stream_name":"stdout","time":11.359741464,"data":"\u001b[0mNote: you may need to restart the kernel to use updated packages.\n"}
,{"stream_name":"stdout","time":12.806919228,"data":"\u001b[?25l     \u001b[90m━━━━━━━━━━━━━━━━━━━━━━━━━━━━━━━━━━━━━━━━\u001b[0m \u001b[32m0.0/61.3 kB\u001b[0m \u001b[31m?\u001b[0m eta \u001b[36m-:--:--\u001b[0m\r\u001b[2K     \u001b[90m━━━━━━━━━━━━━━━━━━━━━━━━━━━━━━━━━━━━━━━━\u001b[0m \u001b[32m61.3/61.3 kB\u001b[0m \u001b[31m2.4 MB/s\u001b[0m eta \u001b[36m0:00:00\u001b[0m\r\n"}
,{"stream_name":"stdout","time":16.720486726,"data":"\u001b[?25h\u001b[?25l   \u001b[90m━━━━━━━━━━━━━━━━━━━━━━━━━━━━━━━━━━━━━━━━\u001b[0m \u001b[32m0.0/74.8 MB\u001b[0m \u001b[31m?\u001b[0m eta \u001b[36m-:--:--\u001b[0m\r\u001b[2K   \u001b[91m╸\u001b[0m\u001b[90m━━━━━━━━━━━━━━━━━━━━━━━━━━━━━━━━━━━━━━━\u001b[0m \u001b[32m1.3/74.8 MB\u001b[0m \u001b[31m37.7 MB/s\u001b[0m eta \u001b[36m0:00:02\u001b[0m\r\u001b[2K   \u001b[91m━━━\u001b[0m\u001b[91m╸\u001b[0m\u001b[90m━━━━━━━━━━━━━━━━━━━━━━━━━━━━━━━━━━━━\u001b[0m \u001b[32m7.2/74.8 MB\u001b[0m \u001b[31m105.6 MB/s\u001b[0m eta \u001b[36m0:00:01\u001b[0m\r\u001b[2K   \u001b[91m━━━━━━━\u001b[0m\u001b[90m╺\u001b[0m\u001b[90m━━━━━━━━━━━━━━━━━━━━━━━━━━━━━━━━\u001b[0m \u001b[32m13.3/74.8 MB\u001b[0m \u001b[31m181.4 MB/s\u001b[0m eta \u001b[36m0:00:01\u001b[0m\r\u001b[2K   \u001b[91m━━━━━━━━━━\u001b[0m\u001b[90m╺\u001b[0m\u001b[90m━━━━━━━━━━━━━━━━━━━━━━━━━━━━━\u001b[0m \u001b[32m19.0/74.8 MB\u001b[0m \u001b[31m162.1 MB/s\u001b[0m eta \u001b[36m0:00:01\u001b[0m\r\u001b[2K   \u001b[91m━━━━━━━━━━━━━━\u001b[0m\u001b[90m╺\u001b[0m\u001b[90m━━━━━━━━━━━━━━━━━━━━━━━━━\u001b[0m \u001b[32m27.0/74.8 MB\u001b[0m \u001b[31m218.1 MB/s\u001b[0m eta \u001b[36m0:00:01\u001b[0m\r\u001b[2K   \u001b[91m━━━━━━━━━━━━━━━━━━\u001b[0m\u001b[90m╺\u001b[0m\u001b[90m━━━━━━━━━━━━━━━━━━━━━\u001b[0m \u001b[32m34.5/74.8 MB\u001b[0m \u001b[31m221.3 MB/s\u001b[0m eta \u001b[36m0:00:01\u001b[0m\r\u001b[2K   \u001b[91m━━━━━━━━━━━━━━━━━━━━━\u001b[0m\u001b[90m╺\u001b[0m\u001b[90m━━━━━━━━━━━━━━━━━━\u001b[0m \u001b[32m40.1/74.8 MB\u001b[0m \u001b[31m179.1 MB/s\u001b[0m eta \u001b[36m0:00:01\u001b[0m\r\u001b[2K   \u001b[91m━━━━━━━━━━━━━━━━━━━━━━━━\u001b[0m\u001b[90m╺\u001b[0m\u001b[90m━━━━━━━━━━━━━━━\u001b[0m \u001b[32m45.1/74.8 MB\u001b[0m \u001b[31m155.5 MB/s\u001b[0m eta \u001b[36m0:00:01\u001b[0m\r\u001b[2K   \u001b[91m━━━━━━━━━━━━━━━━━━━━━━━━━━\u001b[0m\u001b[91m╸\u001b[0m\u001b[90m━━━━━━━━━━━━━\u001b[0m \u001b[32m49.8/74.8 MB\u001b[0m \u001b[31m133.3 MB/s\u001b[0m eta \u001b[36m0:00:01\u001b[0m\r\u001b[2K   \u001b[91m━━━━━━━━━━━━━━━━━━━━━━━━━━━━━━\u001b[0m\u001b[90m╺\u001b[0m\u001b[90m━━━━━━━━━\u001b[0m \u001b[32m56.8/74.8 MB\u001b[0m \u001b[31m173.3 MB/s\u001b[0m eta \u001b[36m0:00:01\u001b[0m\r\u001b[2K   \u001b[91m━━━━━━━━━━━━━━━━━━━━━━━━━━━━━━━━━\u001b[0m\u001b[91m╸\u001b[0m\u001b[90m━━━━━━\u001b[0m \u001b[32m63.5/74.8 MB\u001b[0m \u001b[31m193.6 MB/s\u001b[0m eta \u001b[36m0:00:01\u001b[0m\r\u001b[2K   \u001b[91m━━━━━━━━━━━━━━━━━━━━━━━━━━━━━━━━━━━━━\u001b[0m\u001b[90m╺\u001b[0m\u001b[90m━━\u001b[0m \u001b[32m69.8/74.8 MB\u001b[0m \u001b[31m192.3 MB/s\u001b[0m eta \u001b[36m0:00:01\u001b[0m\r\u001b[2K   \u001b[91m━━━━━━━━━━━━━━━━━━━━━━━━━━━━━━━━━━━━━━━\u001b[0m\u001b[91m╸\u001b[0m \u001b[32m74.8/74.8 MB\u001b[0m \u001b[31m197.8 MB/s\u001b[0m eta \u001b[36m0:00:01\u001b[0m\r\u001b[2K   \u001b[91m━━━━━━━━━━━━━━━━━━━━━━━━━━━━━━━━━━━━━━━\u001b[0m\u001b[91m╸\u001b[0m \u001b[32m74.8/74.8 MB\u001b[0m \u001b[31m197.8 MB/s\u001b[0m eta \u001b[36m0:00:01\u001b[0m\r\u001b[2K   \u001b[91m━━━━━━━━━━━━━━━━━━━━━━━━━━━━━━━━━━━━━━━\u001b[0m\u001b[91m╸\u001b[0m \u001b[32m74.8/74.8 MB\u001b[0m \u001b[31m197.8 MB/s\u001b[0m eta \u001b[36m0:00:01\u001b[0m\r\u001b[2K   \u001b[91m━━━━━━━━━━━━━━━━━━━━━━━━━━━━━━━━━━━━━━━\u001b[0m\u001b[91m╸\u001b[0m \u001b[32m74.8/74.8 MB\u001b[0m \u001b[31m197.8 MB/s\u001b[0m eta \u001b[36m0:00:01\u001b[0m\r\u001b[2K   \u001b[91m━━━━━━━━━━━━━━━━━━━━━━━━━━━━━━━━━━━━━━━\u001b[0m\u001b[91m╸\u001b[0m \u001b[32m74.8/74.8 MB\u001b[0m \u001b[31m197.8 MB/s\u001b[0m eta \u001b[36m0:00:01\u001b[0m\r\u001b[2K   \u001b[91m━━━━━━━━━━━━━━━━━━━━━━━━━━━━━━━━━━━━━━━\u001b[0m\u001b[91m╸\u001b[0m \u001b[32m74.8/74.8 MB\u001b[0m \u001b[31m197.8 MB/s\u001b[0m eta \u001b[36m0:00:01\u001b[0m\r\u001b[2K   \u001b[91m━━━━━━━━━━━━━━━━━━━━━━━━━━━━━━━━━━━━━━━\u001b[0m\u001b[91m╸\u001b[0m \u001b[32m74.8/74.8 MB\u001b[0m \u001b[31m197.8 MB/s\u001b[0m eta \u001b[36m0:00:01\u001b[0m\r\u001b[2K   \u001b[91m━━━━━━━━━━━━━━━━━━━━━━━━━━━━━━━━━━━━━━━\u001b[0m\u001b[91m╸\u001b[0m \u001b[32m74.8/74.8 MB\u001b[0m \u001b[31m197.8 MB/s\u001b[0m eta \u001b[36m0:00:01\u001b[0m\r\u001b[2K   \u001b[91m━━━━━━━━━━━━━━━━━━━━━━━━━━━━━━━━━━━━━━━\u001b[0m\u001b[91m╸\u001b[0m \u001b[32m74.8/74.8 MB\u001b[0m \u001b[31m197.8 MB/s\u001b[0m eta \u001b[36m0:00:01\u001b[0m\r\u001b[2K   \u001b[91m━━━━━━━━━━━━━━━━━━━━━━━━━━━━━━━━━━━━━━━\u001b[0m\u001b[91m╸\u001b[0m \u001b[32m74.8/74.8 MB\u001b[0m \u001b[31m197.8 MB/s\u001b[0m eta \u001b[36m0:00:01\u001b[0m\r\u001b[2K   \u001b[91m━━━━━━━━━━━━━━━━━━━━━━━━━━━━━━━━━━━━━━━\u001b[0m\u001b[91m╸\u001b[0m \u001b[32m74.8/74.8 MB\u001b[0m \u001b[31m197.8 MB/s\u001b[0m eta \u001b[36m0:00:01\u001b[0m\r\u001b[2K   \u001b[90m━━━━━━━━━━━━━━━━━━━━━━━━━━━━━━━━━━━━━━━━\u001b[0m \u001b[32m74.8/74.8 MB\u001b[0m \u001b[31m24.3 MB/s\u001b[0m eta \u001b[36m0:00:00\u001b[0m\r\n"}
,{"stream_name":"stdout","time":16.822374211,"data":"\u001b[?25h\u001b[?25l   \u001b[90m━━━━━━━━━━━━━━━━━━━━━━━━━━━━━━━━━━━━━━━━\u001b[0m \u001b[32m0.0/10.2 MB\u001b[0m \u001b[31m?\u001b[0m eta \u001b[36m-:--:--\u001b[0m\r\u001b[2K   \u001b[91m━━━━━━━━━━━━━━━━━━━━━━\u001b[0m\u001b[90m╺\u001b[0m\u001b[90m━━━━━━━━━━━━━━━━━\u001b[0m \u001b[32m5.7/10.2 MB\u001b[0m \u001b[31m170.1 MB/s\u001b[0m eta \u001b[36m0:00:01\u001b[0m\r\u001b[2K   \u001b[91m━━━━━━━━━━━━━━━━━━━━━━━━━━━━━━━━━━━━━━━\u001b[0m\u001b[91m╸\u001b[0m \u001b[32m10.2/10.2 MB\u001b[0m \u001b[31m181.9 MB/s\u001b[0m eta \u001b[36m0:00:01\u001b[0m\r\u001b[2K   \u001b[91m━━━━━━━━━━━━━━━━━━━━━━━━━━━━━━━━━━━━━━━\u001b[0m\u001b[91m╸\u001b[0m \u001b[32m10.2/10.2 MB\u001b[0m \u001b[31m181.9 MB/s\u001b[0m eta \u001b[36m0:00:01\u001b[0m\r\u001b[2K   \u001b[90m━━━━━━━━━━━━━━━━━━━━━━━━━━━━━━━━━━━━━━━━\u001b[0m \u001b[32m10.2/10.2 MB\u001b[0m \u001b[31m95.4 MB/s\u001b[0m eta \u001b[36m0:00:00\u001b[0m\r\n"}
,{"stream_name":"stdout","time":16.873397679,"data":"\u001b[?25h\u001b[?25l   \u001b[90m━━━━━━━━━━━━━━━━━━━━━━━━━━━━━━━━━━━━━━━━\u001b[0m \u001b[32m0.0/506.8 kB\u001b[0m \u001b[31m?\u001b[0m eta \u001b[36m-:--:--\u001b[0m\r\u001b[2K   \u001b[90m━━━━━━━━━━━━━━━━━━━━━━━━━━━━━━━━━━━━━━━━\u001b[0m \u001b[32m506.8/506.8 kB\u001b[0m \u001b[31m30.3 MB/s\u001b[0m eta \u001b[36m0:00:00\u001b[0m\r\n"}
,{"stream_name":"stdout","time":16.924601414,"data":"\u001b[?25h\u001b[?25l   \u001b[90m━━━━━━━━━━━━━━━━━━━━━━━━━━━━━━━━━━━━━━━━\u001b[0m \u001b[32m0.0/423.1 kB\u001b[0m \u001b[31m?\u001b[0m eta \u001b[36m-:--:--\u001b[0m\r\u001b[2K   \u001b[90m━━━━━━━━━━━━━━━━━━━━━━━━━━━━━━━━━━━━━━━━\u001b[0m \u001b[32m423.1/423.1 kB\u001b[0m \u001b[31m23.4 MB/s\u001b[0m eta \u001b[36m0:00:00\u001b[0m\r\n"}
,{"stream_name":"stdout","time":17.487019497,"data":"\u001b[?25h\u001b[?25l   \u001b[90m━━━━━━━━━━━━━━━━━━━━━━━━━━━━━━━━━━━━━━━━\u001b[0m \u001b[32m0.0/60.7 MB\u001b[0m \u001b[31m?\u001b[0m eta \u001b[36m-:--:--\u001b[0m\r\u001b[2K   \u001b[91m━━━━━\u001b[0m\u001b[90m╺\u001b[0m\u001b[90m━━━━━━━━━━━━━━━━━━━━━━━━━━━━━━━━━━\u001b[0m \u001b[32m7.7/60.7 MB\u001b[0m \u001b[31m232.7 MB/s\u001b[0m eta \u001b[36m0:00:01\u001b[0m\r\u001b[2K   \u001b[91m━━━━━━━━━━\u001b[0m\u001b[90m╺\u001b[0m\u001b[90m━━━━━━━━━━━━━━━━━━━━━━━━━━━━━\u001b[0m \u001b[32m15.7/60.7 MB\u001b[0m \u001b[31m224.3 MB/s\u001b[0m eta \u001b[36m0:00:01\u001b[0m\r\u001b[2K   \u001b[91m━━━━━━━━━━━━━━━\u001b[0m\u001b[90m╺\u001b[0m\u001b[90m━━━━━━━━━━━━━━━━━━━━━━━━\u001b[0m \u001b[32m23.2/60.7 MB\u001b[0m \u001b[31m216.2 MB/s\u001b[0m eta \u001b[36m0:00:01\u001b[0m\r\u001b[2K   \u001b[91m━━━━━━━━━━━━━━━━━━━━\u001b[0m\u001b[90m╺\u001b[0m\u001b[90m━━━━━━━━━━━━━━━━━━━\u001b[0m \u001b[32m30.8/60.7 MB\u001b[0m \u001b[31m219.6 MB/s\u001b[0m eta \u001b[36m0:00:01\u001b[0m\r\u001b[2K   \u001b[91m━━━━━━━━━━━━━━━━━━━━━━━━━\u001b[0m\u001b[91m╸\u001b[0m\u001b[90m━━━━━━━━━━━━━━\u001b[0m \u001b[32m39.0/60.7 MB\u001b[0m \u001b[31m226.6 MB/s\u001b[0m eta \u001b[36m0:00:01\u001b[0m\r\u001b[2K   \u001b[91m━━━━━━━━━━━━━━━━━━━━━━━━━━━━━━\u001b[0m\u001b[91m╸\u001b[0m\u001b[90m━━━━━━━━━\u001b[0m \u001b[32m47.0/60.7 MB\u001b[0m \u001b[31m227.9 MB/s\u001b[0m eta \u001b[36m0:00:01\u001b[0m\r\u001b[2K   \u001b[91m━━━━━━━━━━━━━━━━━━━━━━━━━━━━━━━━━━━━\u001b[0m\u001b[90m╺\u001b[0m\u001b[90m━━━\u001b[0m \u001b[32m54.9/60.7 MB\u001b[0m \u001b[31m229.7 MB/s\u001b[0m eta \u001b[36m0:00:01\u001b[0m\r\u001b[2K   \u001b[91m━━━━━━━━━━━━━━━━━━━━━━━━━━━━━━━━━━━━━━━\u001b[0m\u001b[91m╸\u001b[0m \u001b[32m60.7/60.7 MB\u001b[0m \u001b[31m231.8 MB/s\u001b[0m eta \u001b[36m0:00:01\u001b[0m\r\u001b[2K   \u001b[91m━━━━━━━━━━━━━━━━━━━━━━━━━━━━━━━━━━━━━━━\u001b[0m\u001b[91m╸\u001b[0m \u001b[32m60.7/60.7 MB\u001b[0m \u001b[31m231.8 MB/s\u001b[0m eta \u001b[36m0:00:01\u001b[0m\r\u001b[2K   \u001b[91m━━━━━━━━━━━━━━━━━━━━━━━━━━━━━━━━━━━━━━━\u001b[0m\u001b[91m╸\u001b[0m \u001b[32m60.7/60.7 MB\u001b[0m \u001b[31m231.8 MB/s\u001b[0m eta \u001b[36m0:00:01\u001b[0m\r\u001b[2K   \u001b[91m━━━━━━━━━━━━━━━━━━━━━━━━━━━━━━━━━━━━━━━\u001b[0m\u001b[91m╸\u001b[0m \u001b[32m60.7/60.7 MB\u001b[0m \u001b[31m231.8 MB/s\u001b[0m eta \u001b[36m0:00:01\u001b[0m\r\u001b[2K   \u001b[91m━━━━━━━━━━━━━━━━━━━━━━━━━━━━━━━━━━━━━━━\u001b[0m\u001b[91m╸\u001b[0m \u001b[32m60.7/60.7 MB\u001b[0m \u001b[31m231.8 MB/s\u001b[0m eta \u001b[36m0:00:01\u001b[0m\r\u001b[2K   \u001b[91m━━━━━━━━━━━━━━━━━━━━━━━━━━━━━━━━━━━━━━━\u001b[0m\u001b[91m╸\u001b[0m \u001b[32m60.7/60.7 MB\u001b[0m \u001b[31m231.8 MB/s\u001b[0m eta \u001b[36m0:00:01\u001b[0m\r\u001b[2K   \u001b[91m━━━━━━━━━━━━━━━━━━━━━━━━━━━━━━━━━━━━━━━\u001b[0m\u001b[91m╸\u001b[0m \u001b[32m60.7/60.7 MB\u001b[0m \u001b[31m231.8 MB/s\u001b[0m eta \u001b[36m0:00:01\u001b[0m\r\u001b[2K   \u001b[91m━━━━━━━━━━━━━━━━━━━━━━━━━━━━━━━━━━━━━━━\u001b[0m\u001b[91m╸\u001b[0m \u001b[32m60.7/60.7 MB\u001b[0m \u001b[31m231.8 MB/s\u001b[0m eta \u001b[36m0:00:01\u001b[0m\r\u001b[2K   \u001b[90m━━━━━━━━━━━━━━━━━━━━━━━━━━━━━━━━━━━━━━━━\u001b[0m \u001b[32m60.7/60.7 MB\u001b[0m \u001b[31m31.1 MB/s\u001b[0m eta \u001b[36m0:00:00\u001b[0m\r\n"}
,{"stream_name":"stdout","time":17.487084199,"data":"\u001b[?25h\u001b[?25l   \u001b[90m━━━━━━━━━━━━━━━━━━━━━━━━━━━━━━━━━━━━━━━━\u001b[0m \u001b[32m0.0/119.7 kB\u001b[0m \u001b[31m?\u001b[0m eta \u001b[36m-:--:--\u001b[0m\r\u001b[2K   \u001b[90m━━━━━━━━━━━━━━━━━━━━━━━━━━━━━━━━━━━━━━━━\u001b[0m \u001b[32m119.7/119.7 kB\u001b[0m \u001b[31m8.5 MB/s\u001b[0m eta \u001b[36m0:00:00\u001b[0m\r\n"}
,{"stream_name":"stdout","time":17.537942053,"data":"\u001b[?25h\u001b[?25l   \u001b[90m━━━━━━━━━━━━━━━━━━━━━━━━━━━━━━━━━━━━━━━━\u001b[0m \u001b[32m0.0/1.5 MB\u001b[0m \u001b[31m?\u001b[0m eta \u001b[36m-:--:--\u001b[0m\r\u001b[2K   \u001b[90m━━━━━━━━━━━━━━━━━━━━━━━━━━━━━━━━━━━━━━━━\u001b[0m \u001b[32m1.5/1.5 MB\u001b[0m \u001b[31m63.9 MB/s\u001b[0m eta \u001b[36m0:00:00\u001b[0m\r\n"}
,{"stream_name":"stdout","time":17.588993015,"data":"\u001b[?25h\u001b[?25l   \u001b[90m━━━━━━━━━━━━━━━━━━━━━━━━━━━━━━━━━━━━━━━━\u001b[0m \u001b[32m0.0/3.3 MB\u001b[0m \u001b[31m?\u001b[0m eta \u001b[36m-:--:--\u001b[0m\r\u001b[2K   \u001b[91m━━━━━━━━━━━━━━━━━━━━━━━━━━━━━━━━━━━━━━━\u001b[0m\u001b[91m╸\u001b[0m \u001b[32m3.3/3.3 MB\u001b[0m \u001b[31m212.0 MB/s\u001b[0m eta \u001b[36m0:00:01\u001b[0m\r\u001b[2K   \u001b[90m━━━━━━━━━━━━━━━━━━━━━━━━━━━━━━━━━━━━━━━━\u001b[0m \u001b[32m3.3/3.3 MB\u001b[0m \u001b[31m84.8 MB/s\u001b[0m eta \u001b[36m0:00:00\u001b[0m\r\n"}
,{"stream_name":"stdout","time":17.690595121,"data":"\u001b[?25h\u001b[?25l   \u001b[90m━━━━━━━━━━━━━━━━━━━━━━━━━━━━━━━━━━━━━━━━\u001b[0m \u001b[32m0.0/3.6 MB\u001b[0m \u001b[31m?\u001b[0m eta \u001b[36m-:--:--\u001b[0m\r\u001b[2K   \u001b[91m━━━━━━━━━━━━━━━━━━━━━━━━━━━━━━━━━━━━━━━\u001b[0m\u001b[91m╸\u001b[0m \u001b[32m3.5/3.6 MB\u001b[0m \u001b[31m223.7 MB/s\u001b[0m eta \u001b[36m0:00:01\u001b[0m\r\u001b[2K   \u001b[90m━━━━━━━━━━━━━━━━━━━━━━━━━━━━━━━━━━━━━━━━\u001b[0m \u001b[32m3.6/3.6 MB\u001b[0m \u001b[31m87.1 MB/s\u001b[0m eta \u001b[36m0:00:00\u001b[0m\r\n"}
,{"stream_name":"stdout","time":17.690632716,"data":"\u001b[?25h\u001b[?25l   \u001b[90m━━━━━━━━━━━━━━━━━━━━━━━━━━━━━━━━━━━━━━━━\u001b[0m \u001b[32m0.0/215.0 kB\u001b[0m \u001b[31m?\u001b[0m eta \u001b[36m-:--:--\u001b[0m\r\u001b[2K   \u001b[90m━━━━━━━━━━━━━━━━━━━━━━━━━━━━━━━━━━━━━━━━\u001b[0m \u001b[32m215.0/215.0 kB\u001b[0m \u001b[31m14.3 MB/s\u001b[0m eta \u001b[36m0:00:00\u001b[0m\r\n"}
,{"stream_name":"stdout","time":17.741485922,"data":"\u001b[?25h\u001b[?25l   \u001b[90m━━━━━━━━━━━━━━━━━━━━━━━━━━━━━━━━━━━━━━━━\u001b[0m \u001b[32m0.0/3.2 MB\u001b[0m \u001b[31m?\u001b[0m eta \u001b[36m-:--:--\u001b[0m\r\u001b[2K   \u001b[91m━━━━━━━━━━━━━━━━━━━━━━━━━━━━━━━━━━━━━━━\u001b[0m\u001b[91m╸\u001b[0m \u001b[32m3.2/3.2 MB\u001b[0m \u001b[31m240.4 MB/s\u001b[0m eta \u001b[36m0:00:01\u001b[0m\r\u001b[2K   \u001b[90m━━━━━━━━━━━━━━━━━━━━━━━━━━━━━━━━━━━━━━━━\u001b[0m \u001b[32m3.2/3.2 MB\u001b[0m \u001b[31m88.1 MB/s\u001b[0m eta \u001b[36m0:00:00\u001b[0m\r\n"}
,{"stream_name":"stdout","time":17.843522609,"data":"\u001b[?25h\u001b[?25l   \u001b[90m━━━━━━━━━━━━━━━━━━━━━━━━━━━━━━━━━━━━━━━━\u001b[0m \u001b[32m0.0/225.0 kB\u001b[0m \u001b[31m?\u001b[0m eta \u001b[36m-:--:--\u001b[0m\r\u001b[2K   \u001b[90m━━━━━━━━━━━━━━━━━━━━━━━━━━━━━━━━━━━━━━━━\u001b[0m \u001b[32m225.0/225.0 kB\u001b[0m \u001b[31m16.9 MB/s\u001b[0m eta \u001b[36m0:00:00\u001b[0m\r\n"}
,{"stream_name":"stdout","time":41.116760275,"data":"\u001b[?25hNote: you may need to restart the kernel to use updated packages.\n"}
,{"stream_name":"stdout","time":43.262717394,"data":"Downloaded to: /kaggle/input/datasets/mirzayasirabdullah07/logging-and-monitoring-anomalies-dataset\n"}
,{"stream_name":"stdout","time":43.262760623,"data":"Found CSV: /kaggle/input/datasets/mirzayasirabdullah07/logging-and-monitoring-anomalies-dataset/logging_monitoring_anomalies.csv\n"}
,{"stream_name":"stdout","time":43.767604522,"data":"Total rows: 100000\n"}
,{"stream_name":"stdout","time":43.767647648,"data":"['Timestamp', 'Anomaly_ID', 'Anomaly_Type', 'Severity', 'Status', 'Source', 'Alert_Method', 'Response_Time_ms', 'Resolution_Time_min', 'Affected_Services', 'User_Role', 'Host_IP', 'Process_ID', 'Error_Code', 'CPU_Usage_Percent', 'Memory_Usage_MB', 'Disk_Usage_Percent', 'Network_In_KB', 'Network_Out_KB', 'Login_Attempts', 'Failed_Transactions', 'Anomaly_Duration_sec', 'TimeZone', 'User_ID', 'Location', 'Patch_Level', 'Service_Type', 'Transaction_ID', 'Alert_Count', 'Retry_Count', 'Escalation_Level']\n"}
,{"stream_name":"stdout","time":43.767657073,"data":"Severity\n"}
,{"stream_name":"stdout","time":43.767663311,"data":"Critical    25147\n"}
,{"stream_name":"stdout","time":43.767669323,"data":"Medium      25018\n"}
,{"stream_name":"stdout","time":43.767675075,"data":"High        24922\n"}
,{"stream_name":"stdout","time":43.767680705,"data":"Low         24913\n"}
,{"stream_name":"stdout","time":43.767686451,"data":"Name: count, dtype: int64\n"}
,{"stream_name":"stdout","time":51.503888459,"data":"Train: 90000, Test: 10000\n"}
,{"stream_name":"stdout","time":58.34713445,"data":"Train: 90000, Test: 10000\n"}
,{"stream_name":"stdout","time":58.549284752,"data":"🦥 Unsloth: Will patch your computer to enable 2x faster free finetuning.\n"}
,{"stream_name":"stderr","time":64.493016401,"data":"/usr/local/lib/python3.12/dist-packages/torch/cuda/__init__.py:435: UserWarning: \n"}
,{"stream_name":"stderr","time":64.493076963,"data":"    Found GPU0 Tesla P100-PCIE-16GB which is of cuda capability 6.0.\n"}
,{"stream_name":"stderr","time":64.493085296,"data":"    Minimum and Maximum cuda capability supported by this version of PyTorch is\n"}
,{"stream_name":"stderr","time":64.493091367,"data":"    (7.0) - (12.0)\n"}
,{"stream_name":"stderr","time":64.49309653,"data":"    \n"}
,{"stream_name":"stderr","time":64.493101501,"data":"  queued_call()\n"}
,{"stream_name":"stderr","time":64.493106801,"data":"/usr/local/lib/python3.12/dist-packages/torch/cuda/__init__.py:435: UserWarning: \n"}
,{"stream_name":"stderr","time":64.493114112,"data":"    Please install PyTorch with a following CUDA\n"}
,{"stream_name":"stderr","time":64.493122233,"data":"    configurations:  12.6 following instructions at\n"}
,{"stream_name":"stderr","time":64.493125997,"data":"    https://pytorch.org/get-started/locally/\n"}
,{"stream_name":"stderr","time":64.493129499,"data":"    \n"}
,{"stream_name":"stderr","time":64.493132831,"data":"  queued_call()\n"}
,{"stream_name":"stderr","time":64.493136254,"data":"/usr/local/lib/python3.12/dist-packages/torch/cuda/__init__.py:435: UserWarning: \n"}
,{"stream_name":"stderr","time":64.493177726,"data":"Tesla P100-PCIE-16GB with CUDA capability sm_60 is not compatible with the current PyTorch installation.\n"}
,{"stream_name":"stderr","time":64.493184039,"data":"The current PyTorch install supports CUDA capabilities sm_70 sm_75 sm_80 sm_86 sm_90 sm_100 sm_120.\n"}
,{"stream_name":"stderr","time":64.493188382,"data":"If you want to use the Tesla P100-PCIE-16GB GPU with PyTorch, please check the instructions at https://pytorch.org/get-started/locally/\n"}
,{"stream_name":"stderr","time":64.493192539,"data":"\n"}
,{"stream_name":"stderr","time":64.493196152,"data":"  queued_call()\n"}
,{"stream_name":"stderr","time":64.493199821,"data":"\n"}
,{"stream_name":"stderr","time":64.493203482,"data":"/usr/local/lib/python3.12/dist-packages/torch/cuda/__init__.py:435: UserWarning: \n"}
,{"stream_name":"stderr","time":64.493207362,"data":"    Found GPU0 Tesla P100-PCIE-16GB which is of cuda capability 6.0.\n"}
,{"stream_name":"stderr","time":64.493211252,"data":"    Minimum and Maximum cuda capability supported by this version of PyTorch is\n"}
,{"stream_name":"stderr","time":64.493215254,"data":"    (7.0) - (12.0)\n"}
,{"stream_name":"stderr","time":64.493218995,"data":"    \n"}
,{"stream_name":"stderr","time":64.493222734,"data":"  queued_call()\n"}
,{"stream_name":"stderr","time":64.493226499,"data":"/usr/local/lib/python3.12/dist-packages/torch/cuda/__init__.py:435: UserWarning: \n"}
,{"stream_name":"stderr","time":64.493235905,"data":"    Please install PyTorch with a following CUDA\n"}
,{"stream_name":"stderr","time":64.493239215,"data":"    configurations:  12.6 following instructions at\n"}
,{"stream_name":"stderr","time":64.493242344,"data":"    https://pytorch.org/get-started/locally/\n"}
,{"stream_name":"stderr","time":64.493258806,"data":"    \n"}
,{"stream_name":"stderr","time":64.493263603,"data":"  queued_call()\n"}
,{"stream_name":"stderr","time":64.493267959,"data":"/usr/local/lib/python3.12/dist-packages/torch/cuda/__init__.py:435: UserWarning: \n"}
,{"stream_name":"stderr","time":64.49327274,"data":"Tesla P100-PCIE-16GB with CUDA capability sm_60 is not compatible with the current PyTorch installation.\n"}
,{"stream_name":"stderr","time":64.493277542,"data":"The current PyTorch install supports CUDA capabilities sm_70 sm_75 sm_80 sm_86 sm_90 sm_100 sm_120.\n"}
,{"stream_name":"stderr","time":64.493281616,"data":"If you want to use the Tesla P100-PCIE-16GB GPU with PyTorch, please check the instructions at https://pytorch.org/get-started/locally/\n"}
,{"stream_name":"stderr","time":64.493285757,"data":"\n"}
,{"stream_name":"stderr","time":64.493289407,"data":"  queued_call()\n"}
,{"stream_name":"stderr","time":77.554142557,"data":"Accessing `is_flash_linear_attention_available` from `.models.aria.image_processing_aria`. Returning `is_flash_linear_attention_available` instead. Behavior may be different and this alias will be removed in future versions.\n"}
,{"stream_name":"stderr","time":77.554182778,"data":"\n"}
,{"stream_name":"stderr","time":77.554189087,"data":"Accessing `is_flash_linear_attention_available` from `.models.aria.image_processing_aria`. Returning `is_flash_linear_attention_available` instead. Behavior may be different and this alias will be removed in future versions.\n"}
,{"stream_name":"stderr","time":78.24042264,"data":"Accessing `is_flash_linear_attention_available` from `.models.aria.image_processing_pil_aria`. Returning `is_flash_linear_attention_available` instead. Behavior may be different and this alias will be removed in future versions.\n"}
,{"stream_name":"stderr","time":78.240456893,"data":"\n"}
,{"stream_name":"stderr","time":78.240463869,"data":"Accessing `is_flash_linear_attention_available` from `.models.aria.image_processing_pil_aria`. Returning `is_flash_linear_attention_available` instead. Behavior may be different and this alias will be removed in future versions.\n"}
,{"stream_name":"stderr","time":78.242215994,"data":"Accessing `is_flash_linear_attention_available` from `.models.auto.image_processing_auto`. Returning `is_flash_linear_attention_available` instead. Behavior may be different and this alias will be removed in future versions.\n"}
,{"stream_name":"stderr","time":78.242238834,"data":"\n"}
,{"stream_name":"stderr","time":78.242243972,"data":"Accessing `is_flash_linear_attention_available` from `.models.auto.image_processing_auto`. Returning `is_flash_linear_attention_available` instead. Behavior may be different and this alias will be removed in future versions.\n"}
,{"stream_name":"stderr","time":78.243386631,"data":"Accessing `is_flash_linear_attention_available` from `.models.beit.image_processing_beit`. Returning `is_flash_linear_attention_available` instead. Behavior may be different and this alias will be removed in future versions.\n"}
,{"stream_name":"stderr","time":78.243401043,"data":"\n"}
,{"stream_name":"stderr","time":78.243405995,"data":"Accessing `is_flash_linear_attention_available` from `.models.beit.image_processing_beit`. Returning `is_flash_linear_attention_available` instead. Behavior may be different and this alias will be removed in future versions.\n"}
,{"stream_name":"stderr","time":78.25286044,"data":"Accessing `is_flash_linear_attention_available` from `.models.beit.image_processing_pil_beit`. Returning `is_flash_linear_attention_available` instead. Behavior may be different and this alias will be removed in future versions.\n"}
,{"stream_name":"stderr","time":78.252883566,"data":"\n"}
,{"stream_name":"stderr","time":78.252887093,"data":"Accessing `is_flash_linear_attention_available` from `.models.beit.image_processing_pil_beit`. Returning `is_flash_linear_attention_available` instead. Behavior may be different and this alias will be removed in future versions.\n"}
,{"stream_name":"stderr","time":78.255661604,"data":"Accessing `is_flash_linear_attention_available` from `.models.bit.image_processing_bit`. Returning `is_flash_linear_attention_available` instead. Behavior may be different and this alias will be removed in future versions.\n"}
,{"stream_name":"stderr","time":78.255681432,"data":"\n"}
,{"stream_name":"stderr","time":78.255687145,"data":"Accessing `is_flash_linear_attention_available` from `.models.bit.image_processing_bit`. Returning `is_flash_linear_attention_available` instead. Behavior may be different and this alias will be removed in future versions.\n"}
,{"stream_name":"stderr","time":78.258408476,"data":"Accessing `is_flash_linear_attention_available` from `.models.bit.image_processing_pil_bit`. Returning `is_flash_linear_attention_available` instead. Behavior may be different and this alias will be removed in future versions.\n"}
,{"stream_name":"stderr","time":78.258426571,"data":"\n"}
,{"stream_name":"stderr","time":78.258432311,"data":"Accessing `is_flash_linear_attention_available` from `.models.bit.image_processing_pil_bit`. Returning `is_flash_linear_attention_available` instead. Behavior may be different and this alias will be removed in future versions.\n"}
,{"stream_name":"stderr","time":78.259490443,"data":"Accessing `is_flash_linear_attention_available` from `.models.blip.image_processing_blip`. Returning `is_flash_linear_attention_available` instead. Behavior may be different and this alias will be removed in future versions.\n"}
,{"stream_name":"stderr","time":78.259508207,"data":"\n"}
,{"stream_name":"stderr","time":78.25951291,"data":"Accessing `is_flash_linear_attention_available` from `.models.blip.image_processing_blip`. Returning `is_flash_linear_attention_available` instead. Behavior may be different and this alias will be removed in future versions.\n"}
,{"stream_name":"stderr","time":78.262628834,"data":"Accessing `is_flash_linear_attention_available` from `.models.blip.image_processing_pil_blip`. Returning `is_flash_linear_attention_available` instead. Behavior may be different and this alias will be removed in future versions.\n"}
,{"stream_name":"stderr","time":78.262648712,"data":"\n"}
,{"stream_name":"stderr","time":78.262660482,"data":"Accessing `is_flash_linear_attention_available` from `.models.blip.image_processing_pil_blip`. Returning `is_flash_linear_attention_available` instead. Behavior may be different and this alias will be removed in future versions.\n"}
,{"stream_name":"stderr","time":78.264675591,"data":"Accessing `is_flash_linear_attention_available` from `.models.bridgetower.image_processing_bridgetower`. Returning `is_flash_linear_attention_available` instead. Behavior may be different and this alias will be removed in future versions.\n"}
,{"stream_name":"stderr","time":78.264694763,"data":"\n"}
,{"stream_name":"stderr","time":78.264699986,"data":"Accessing `is_flash_linear_attention_available` from `.models.bridgetower.image_processing_bridgetower`. Returning `is_flash_linear_attention_available` instead. Behavior may be different and this alias will be removed in future versions.\n"}
,{"stream_name":"stderr","time":78.26785588,"data":"Accessing `is_flash_linear_attention_available` from `.models.bridgetower.image_processing_pil_bridgetower`. Returning `is_flash_linear_attention_available` instead. Behavior may be different and this alias will be removed in future versions.\n"}
,{"stream_name":"stderr","time":78.267874709,"data":"\n"}
,{"stream_name":"stderr","time":78.267879696,"data":"Accessing `is_flash_linear_attention_available` from `.models.bridgetower.image_processing_pil_bridgetower`. Returning `is_flash_linear_attention_available` instead. Behavior may be different and this alias will be removed in future versions.\n"}
,{"stream_name":"stderr","time":78.269633599,"data":"Accessing `is_flash_linear_attention_available` from `.models.chameleon.image_processing_chameleon`. Returning `is_flash_linear_attention_available` instead. Behavior may be different and this alias will be removed in future versions.\n"}
,{"stream_name":"stderr","time":78.269671959,"data":"\n"}
,{"stream_name":"stderr","time":78.269678472,"data":"Accessing `is_flash_linear_attention_available` from `.models.chameleon.image_processing_chameleon`. Returning `is_flash_linear_attention_available` instead. Behavior may be different and this alias will be removed in future versions.\n"}
,{"stream_name":"stderr","time":78.272508306,"data":"Accessing `is_flash_linear_attention_available` from `.models.chameleon.image_processing_pil_chameleon`. Returning `is_flash_linear_attention_available` instead. Behavior may be different and this alias will be removed in future versions.\n"}
,{"stream_name":"stderr","time":78.272526068,"data":"\n"}
,{"stream_name":"stderr","time":78.272530756,"data":"Accessing `is_flash_linear_attention_available` from `.models.chameleon.image_processing_pil_chameleon`. Returning `is_flash_linear_attention_available` instead. Behavior may be different and this alias will be removed in future versions.\n"}
,{"stream_name":"stderr","time":78.274084462,"data":"Accessing `is_flash_linear_attention_available` from `.models.chinese_clip.image_processing_chinese_clip`. Returning `is_flash_linear_attention_available` instead. Behavior may be different and this alias will be removed in future versions.\n"}
,{"stream_name":"stderr","time":78.27410243,"data":"\n"}
,{"stream_name":"stderr","time":78.274108022,"data":"Accessing `is_flash_linear_attention_available` from `.models.chinese_clip.image_processing_chinese_clip`. Returning `is_flash_linear_attention_available` instead. Behavior may be different and this alias will be removed in future versions.\n"}
,{"stream_name":"stderr","time":78.277320233,"data":"Accessing `is_flash_linear_attention_available` from `.models.chinese_clip.image_processing_chinese_pil_clip`. Returning `is_flash_linear_attention_available` instead. Behavior may be different and this alias will be removed in future versions.\n"}
,{"stream_name":"stderr","time":78.277339037,"data":"\n"}
,{"stream_name":"stderr","time":78.277344342,"data":"Accessing `is_flash_linear_attention_available` from `.models.chinese_clip.image_processing_chinese_pil_clip`. Returning `is_flash_linear_attention_available` instead. Behavior may be different and this alias will be removed in future versions.\n"}
,{"stream_name":"stderr","time":78.278782731,"data":"Accessing `is_flash_linear_attention_available` from `.models.chmv2.image_processing_chmv2`. Returning `is_flash_linear_attention_available` instead. Behavior may be different and this alias will be removed in future versions.\n"}
,{"stream_name":"stderr","time":78.278802528,"data":"\n"}
,{"stream_name":"stderr","time":78.278807512,"data":"Accessing `is_flash_linear_attention_available` from `.models.chmv2.image_processing_chmv2`. Returning `is_flash_linear_attention_available` instead. Behavior may be different and this alias will be removed in future versions.\n"}
,{"stream_name":"stderr","time":78.311661971,"data":"Accessing `is_flash_linear_attention_available` from `.models.clip.image_processing_clip`. Returning `is_flash_linear_attention_available` instead. Behavior may be different and this alias will be removed in future versions.\n"}
,{"stream_name":"stderr","time":78.311683818,"data":"\n"}
,{"stream_name":"stderr","time":78.311689015,"data":"Accessing `is_flash_linear_attention_available` from `.models.clip.image_processing_clip`. Returning `is_flash_linear_attention_available` instead. Behavior may be different and this alias will be removed in future versions.\n"}
,{"stream_name":"stderr","time":78.314547921,"data":"Accessing `is_flash_linear_attention_available` from `.models.clip.image_processing_pil_clip`. Returning `is_flash_linear_attention_available` instead. Behavior may be different and this alias will be removed in future versions.\n"}
,{"stream_name":"stderr","time":78.314568011,"data":"\n"}
,{"stream_name":"stderr","time":78.314572954,"data":"Accessing `is_flash_linear_attention_available` from `.models.clip.image_processing_pil_clip`. Returning `is_flash_linear_attention_available` instead. Behavior may be different and this alias will be removed in future versions.\n"}
,{"stream_name":"stderr","time":78.316247705,"data":"Accessing `is_flash_linear_attention_available` from `.models.cohere2_vision.image_processing_cohere2_vision`. Returning `is_flash_linear_attention_available` instead. Behavior may be different and this alias will be removed in future versions.\n"}
,{"stream_name":"stderr","time":78.316267848,"data":"\n"}
,{"stream_name":"stderr","time":78.31627304,"data":"Accessing `is_flash_linear_attention_available` from `.models.cohere2_vision.image_processing_cohere2_vision`. Returning `is_flash_linear_attention_available` instead. Behavior may be different and this alias will be removed in future versions.\n"}
,{"stream_name":"stderr","time":78.319252538,"data":"Accessing `is_flash_linear_attention_available` from `.models.conditional_detr.image_processing_conditional_detr`. Returning `is_flash_linear_attention_available` instead. Behavior may be different and this alias will be removed in future versions.\n"}
,{"stream_name":"stderr","time":78.319271073,"data":"\n"}
,{"stream_name":"stderr","time":78.319276625,"data":"Accessing `is_flash_linear_attention_available` from `.models.conditional_detr.image_processing_conditional_detr`. Returning `is_flash_linear_attention_available` instead. Behavior may be different and this alias will be removed in future versions.\n"}
,{"stream_name":"stderr","time":78.328619851,"data":"Accessing `is_flash_linear_attention_available` from `.models.conditional_detr.image_processing_pil_conditional_detr`. Returning `is_flash_linear_attention_available` instead. Behavior may be different and this alias will be removed in future versions.\n"}
,{"stream_name":"stderr","time":78.328641478,"data":"\n"}
,{"stream_name":"stderr","time":78.328646746,"data":"Accessing `is_flash_linear_attention_available` from `.models.conditional_detr.image_processing_pil_conditional_detr`. Returning `is_flash_linear_attention_available` instead. Behavior may be different and this alias will be removed in future versions.\n"}
,{"stream_name":"stderr","time":78.331890407,"data":"Accessing `is_flash_linear_attention_available` from `.models.convnext.image_processing_convnext`. Returning `is_flash_linear_attention_available` instead. Behavior may be different and this alias will be removed in future versions.\n"}
,{"stream_name":"stderr","time":78.331910377,"data":"\n"}
,{"stream_name":"stderr","time":78.331915216,"data":"Accessing `is_flash_linear_attention_available` from `.models.convnext.image_processing_convnext`. Returning `is_flash_linear_attention_available` instead. Behavior may be different and this alias will be removed in future versions.\n"}
,{"stream_name":"stderr","time":78.334391596,"data":"Accessing `is_flash_linear_attention_available` from `.models.convnext.image_processing_pil_convnext`. Returning `is_flash_linear_attention_available` instead. Behavior may be different and this alias will be removed in future versions.\n"}
,{"stream_name":"stderr","time":78.334410116,"data":"\n"}
,{"stream_name":"stderr","time":78.334415337,"data":"Accessing `is_flash_linear_attention_available` from `.models.convnext.image_processing_pil_convnext`. Returning `is_flash_linear_attention_available` instead. Behavior may be different and this alias will be removed in future versions.\n"}
,{"stream_name":"stderr","time":78.336119805,"data":"Accessing `is_flash_linear_attention_available` from `.models.deepseek_vl.image_processing_deepseek_vl`. Returning `is_flash_linear_attention_available` instead. Behavior may be different and this alias will be removed in future versions.\n"}
,{"stream_name":"stderr","time":78.336139113,"data":"\n"}
,{"stream_name":"stderr","time":78.336144052,"data":"Accessing `is_flash_linear_attention_available` from `.models.deepseek_vl.image_processing_deepseek_vl`. Returning `is_flash_linear_attention_available` instead. Behavior may be different and this alias will be removed in future versions.\n"}
,{"stream_name":"stderr","time":78.339363466,"data":"Accessing `is_flash_linear_attention_available` from `.models.deepseek_vl.image_processing_pil_deepseek_vl`. Returning `is_flash_linear_attention_available` instead. Behavior may be different and this alias will be removed in future versions.\n"}
,{"stream_name":"stderr","time":78.33938244,"data":"\n"}
,{"stream_name":"stderr","time":78.33938749000001,"data":"Accessing `is_flash_linear_attention_available` from `.models.deepseek_vl.image_processing_pil_deepseek_vl`. Returning `is_flash_linear_attention_available` instead. Behavior may be different and this alias will be removed in future versions.\n"}
,{"stream_name":"stderr","time":78.343523149,"data":"Accessing `is_flash_linear_attention_available` from `.models.deepseek_vl_hybrid.image_processing_deepseek_vl_hybrid`. Returning `is_flash_linear_attention_available` instead. Behavior may be different and this alias will be removed in future versions.\n"}
,{"stream_name":"stderr","time":78.34354382,"data":"\n"}
,{"stream_name":"stderr","time":78.343549107,"data":"Accessing `is_flash_linear_attention_available` from `.models.deepseek_vl_hybrid.image_processing_deepseek_vl_hybrid`. Returning `is_flash_linear_attention_available` instead. Behavior may be different and this alias will be removed in future versions.\n"}
,{"stream_name":"stderr","time":78.346933941,"data":"Accessing `is_flash_linear_attention_available` from `.models.deepseek_vl_hybrid.image_processing_pil_deepseek_vl_hybrid`. Returning `is_flash_linear_attention_available` instead. Behavior may be different and this alias will be removed in future versions.\n"}
,{"stream_name":"stderr","time":78.346954196,"data":"\n"}
,{"stream_name":"stderr","time":78.346959051,"data":"Accessing `is_flash_linear_attention_available` from `.models.deepseek_vl_hybrid.image_processing_pil_deepseek_vl_hybrid`. Returning `is_flash_linear_attention_available` instead. Behavior may be different and this alias will be removed in future versions.\n"}
,{"stream_name":"stderr","time":78.352062698,"data":"Accessing `is_flash_linear_attention_available` from `.models.deformable_detr.image_processing_deformable_detr`. Returning `is_flash_linear_attention_available` instead. Behavior may be different and this alias will be removed in future versions.\n"}
,{"stream_name":"stderr","time":78.352083562,"data":"\n"}
,{"stream_name":"stderr","time":78.352088435,"data":"Accessing `is_flash_linear_attention_available` from `.models.deformable_detr.image_processing_deformable_detr`. Returning `is_flash_linear_attention_available` instead. Behavior may be different and this alias will be removed in future versions.\n"}
,{"stream_name":"stderr","time":78.360945477,"data":"Accessing `is_flash_linear_attention_available` from `.models.deformable_detr.image_processing_pil_deformable_detr`. Returning `is_flash_linear_attention_available` instead. Behavior may be different and this alias will be removed in future versions.\n"}
,{"stream_name":"stderr","time":78.360967283,"data":"\n"}
,{"stream_name":"stderr","time":78.36097213,"data":"Accessing `is_flash_linear_attention_available` from `.models.deformable_detr.image_processing_pil_deformable_detr`. Returning `is_flash_linear_attention_available` instead. Behavior may be different and this alias will be removed in future versions.\n"}
,{"stream_name":"stderr","time":78.364247381,"data":"Accessing `is_flash_linear_attention_available` from `.models.deit.image_processing_deit`. Returning `is_flash_linear_attention_available` instead. Behavior may be different and this alias will be removed in future versions.\n"}
,{"stream_name":"stderr","time":78.364267875,"data":"\n"}
,{"stream_name":"stderr","time":78.36427355,"data":"Accessing `is_flash_linear_attention_available` from `.models.deit.image_processing_deit`. Returning `is_flash_linear_attention_available` instead. Behavior may be different and this alias will be removed in future versions.\n"}
,{"stream_name":"stderr","time":78.366750168,"data":"Accessing `is_flash_linear_attention_available` from `.models.deit.image_processing_pil_deit`. Returning `is_flash_linear_attention_available` instead. Behavior may be different and this alias will be removed in future versions.\n"}
,{"stream_name":"stderr","time":78.366769108,"data":"\n"}
,{"stream_name":"stderr","time":78.366773874,"data":"Accessing `is_flash_linear_attention_available` from `.models.deit.image_processing_pil_deit`. Returning `is_flash_linear_attention_available` instead. Behavior may be different and this alias will be removed in future versions.\n"}
,{"stream_name":"stderr","time":78.368227831,"data":"Accessing `is_flash_linear_attention_available` from `.models.depth_pro.image_processing_depth_pro`. Returning `is_flash_linear_attention_available` instead. Behavior may be different and this alias will be removed in future versions.\n"}
,{"stream_name":"stderr","time":78.368246761,"data":"\n"}
,{"stream_name":"stderr","time":78.368251555,"data":"Accessing `is_flash_linear_attention_available` from `.models.depth_pro.image_processing_depth_pro`. Returning `is_flash_linear_attention_available` instead. Behavior may be different and this alias will be removed in future versions.\n"}
,{"stream_name":"stderr","time":78.371177802,"data":"Accessing `is_flash_linear_attention_available` from `.models.detr.image_processing_detr`. Returning `is_flash_linear_attention_available` instead. Behavior may be different and this alias will be removed in future versions.\n"}
,{"stream_name":"stderr","time":78.371197578,"data":"\n"}
,{"stream_name":"stderr","time":78.37120243,"data":"Accessing `is_flash_linear_attention_available` from `.models.detr.image_processing_detr`. Returning `is_flash_linear_attention_available` instead. Behavior may be different and this alias will be removed in future versions.\n"}
,{"stream_name":"stderr","time":78.379937105,"data":"Accessing `is_flash_linear_attention_available` from `.models.detr.image_processing_pil_detr`. Returning `is_flash_linear_attention_available` instead. Behavior may be different and this alias will be removed in future versions.\n"}
,{"stream_name":"stderr","time":78.379957711,"data":"\n"}
,{"stream_name":"stderr","time":78.379962835,"data":"Accessing `is_flash_linear_attention_available` from `.models.detr.image_processing_pil_detr`. Returning `is_flash_linear_attention_available` instead. Behavior may be different and this alias will be removed in future versions.\n"}
,{"stream_name":"stderr","time":78.383260232,"data":"Accessing `is_flash_linear_attention_available` from `.models.dinov3_vit.image_processing_dinov3_vit`. Returning `is_flash_linear_attention_available` instead. Behavior may be different and this alias will be removed in future versions.\n"}
,{"stream_name":"stderr","time":78.383279087,"data":"\n"}
,{"stream_name":"stderr","time":78.383283831,"data":"Accessing `is_flash_linear_attention_available` from `.models.dinov3_vit.image_processing_dinov3_vit`. Returning `is_flash_linear_attention_available` instead. Behavior may be different and this alias will be removed in future versions.\n"}
,{"stream_name":"stderr","time":78.385760397,"data":"Accessing `is_flash_linear_attention_available` from `.models.donut.image_processing_donut`. Returning `is_flash_linear_attention_available` instead. Behavior may be different and this alias will be removed in future versions.\n"}
,{"stream_name":"stderr","time":78.385780179,"data":"\n"}
,{"stream_name":"stderr","time":78.385785186,"data":"Accessing `is_flash_linear_attention_available` from `.models.donut.image_processing_donut`. Returning `is_flash_linear_attention_available` instead. Behavior may be different and this alias will be removed in future versions.\n"}
,{"stream_name":"stderr","time":78.391895463,"data":"Accessing `is_flash_linear_attention_available` from `.models.donut.image_processing_pil_donut`. Returning `is_flash_linear_attention_available` instead. Behavior may be different and this alias will be removed in future versions.\n"}
,{"stream_name":"stderr","time":78.391915735,"data":"\n"}
,{"stream_name":"stderr","time":78.391920602,"data":"Accessing `is_flash_linear_attention_available` from `.models.donut.image_processing_pil_donut`. Returning `is_flash_linear_attention_available` instead. Behavior may be different and this alias will be removed in future versions.\n"}
,{"stream_name":"stderr","time":78.394427365,"data":"Accessing `is_flash_linear_attention_available` from `.models.dpt.image_processing_dpt`. Returning `is_flash_linear_attention_available` instead. Behavior may be different and this alias will be removed in future versions.\n"}
,{"stream_name":"stderr","time":78.394445929,"data":"\n"}
,{"stream_name":"stderr","time":78.394451068,"data":"Accessing `is_flash_linear_attention_available` from `.models.dpt.image_processing_dpt`. Returning `is_flash_linear_attention_available` instead. Behavior may be different and this alias will be removed in future versions.\n"}
,{"stream_name":"stderr","time":78.402807871,"data":"Accessing `is_flash_linear_attention_available` from `.models.dpt.image_processing_pil_dpt`. Returning `is_flash_linear_attention_available` instead. Behavior may be different and this alias will be removed in future versions.\n"}
,{"stream_name":"stderr","time":78.402844485,"data":"\n"}
,{"stream_name":"stderr","time":78.402850112,"data":"Accessing `is_flash_linear_attention_available` from `.models.dpt.image_processing_pil_dpt`. Returning `is_flash_linear_attention_available` instead. Behavior may be different and this alias will be removed in future versions.\n"}
,{"stream_name":"stderr","time":78.405727626,"data":"Accessing `is_flash_linear_attention_available` from `.models.efficientloftr.image_processing_efficientloftr`. Returning `is_flash_linear_attention_available` instead. Behavior may be different and this alias will be removed in future versions.\n"}
,{"stream_name":"stderr","time":78.405748638,"data":"\n"}
,{"stream_name":"stderr","time":78.405753633,"data":"Accessing `is_flash_linear_attention_available` from `.models.efficientloftr.image_processing_efficientloftr`. Returning `is_flash_linear_attention_available` instead. Behavior may be different and this alias will be removed in future versions.\n"}
,{"stream_name":"stderr","time":78.413201823,"data":"Accessing `is_flash_linear_attention_available` from `.models.efficientloftr.image_processing_pil_efficientloftr`. Returning `is_flash_linear_attention_available` instead. Behavior may be different and this alias will be removed in future versions.\n"}
,{"stream_name":"stderr","time":78.413231058,"data":"\n"}
,{"stream_name":"stderr","time":78.413236945,"data":"Accessing `is_flash_linear_attention_available` from `.models.efficientloftr.image_processing_pil_efficientloftr`. Returning `is_flash_linear_attention_available` instead. Behavior may be different and this alias will be removed in future versions.\n"}
,{"stream_name":"stderr","time":78.415728785,"data":"Accessing `is_flash_linear_attention_available` from `.models.efficientnet.image_processing_efficientnet`. Returning `is_flash_linear_attention_available` instead. Behavior may be different and this alias will be removed in future versions.\n"}
,{"stream_name":"stderr","time":78.415749134,"data":"\n"}
,{"stream_name":"stderr","time":78.415754219,"data":"Accessing `is_flash_linear_attention_available` from `.models.efficientnet.image_processing_efficientnet`. Returning `is_flash_linear_attention_available` instead. Behavior may be different and this alias will be removed in future versions.\n"}
,{"stream_name":"stderr","time":78.418633425,"data":"Accessing `is_flash_linear_attention_available` from `.models.efficientnet.image_processing_pil_efficientnet`. Returning `is_flash_linear_attention_available` instead. Behavior may be different and this alias will be removed in future versions.\n"}
,{"stream_name":"stderr","time":78.418651022,"data":"\n"}
,{"stream_name":"stderr","time":78.418656026,"data":"Accessing `is_flash_linear_attention_available` from `.models.efficientnet.image_processing_pil_efficientnet`. Returning `is_flash_linear_attention_available` instead. Behavior may be different and this alias will be removed in future versions.\n"}
,{"stream_name":"stderr","time":78.420481055,"data":"Accessing `is_flash_linear_attention_available` from `.models.emu3.image_processing_emu3`. Returning `is_flash_linear_attention_available` instead. Behavior may be different and this alias will be removed in future versions.\n"}
,{"stream_name":"stderr","time":78.420500272,"data":"\n"}
,{"stream_name":"stderr","time":78.420505307,"data":"Accessing `is_flash_linear_attention_available` from `.models.emu3.image_processing_emu3`. Returning `is_flash_linear_attention_available` instead. Behavior may be different and this alias will be removed in future versions.\n"}
,{"stream_name":"stderr","time":78.424043096,"data":"Accessing `is_flash_linear_attention_available` from `.models.eomt.image_processing_eomt`. Returning `is_flash_linear_attention_available` instead. Behavior may be different and this alias will be removed in future versions.\n"}
,{"stream_name":"stderr","time":78.424062105,"data":"\n"}
,{"stream_name":"stderr","time":78.424066944,"data":"Accessing `is_flash_linear_attention_available` from `.models.eomt.image_processing_eomt`. Returning `is_flash_linear_attention_available` instead. Behavior may be different and this alias will be removed in future versions.\n"}
,{"stream_name":"stderr","time":78.432032188,"data":"Accessing `is_flash_linear_attention_available` from `.models.eomt.image_processing_pil_eomt`. Returning `is_flash_linear_attention_available` instead. Behavior may be different and this alias will be removed in future versions.\n"}
,{"stream_name":"stderr","time":78.432052683,"data":"\n"}
,{"stream_name":"stderr","time":78.432057795,"data":"Accessing `is_flash_linear_attention_available` from `.models.eomt.image_processing_pil_eomt`. Returning `is_flash_linear_attention_available` instead. Behavior may be different and this alias will be removed in future versions.\n"}
,{"stream_name":"stderr","time":78.434937741,"data":"Accessing `is_flash_linear_attention_available` from `.models.ernie4_5_vl_moe.image_processing_ernie4_5_vl_moe`. Returning `is_flash_linear_attention_available` instead. Behavior may be different and this alias will be removed in future versions.\n"}
,{"stream_name":"stderr","time":78.434956954,"data":"\n"}
,{"stream_name":"stderr","time":78.434961959,"data":"Accessing `is_flash_linear_attention_available` from `.models.ernie4_5_vl_moe.image_processing_ernie4_5_vl_moe`. Returning `is_flash_linear_attention_available` instead. Behavior may be different and this alias will be removed in future versions.\n"}
,{"stream_name":"stderr","time":78.450674891,"data":"Accessing `is_flash_linear_attention_available` from `.models.ernie4_5_vl_moe.image_processing_pil_ernie4_5_vl_moe`. Returning `is_flash_linear_attention_available` instead. Behavior may be different and this alias will be removed in future versions.\n"}
,{"stream_name":"stderr","time":78.450697357,"data":"\n"}
,{"stream_name":"stderr","time":78.450702337,"data":"Accessing `is_flash_linear_attention_available` from `.models.ernie4_5_vl_moe.image_processing_pil_ernie4_5_vl_moe`. Returning `is_flash_linear_attention_available` instead. Behavior may be different and this alias will be removed in future versions.\n"}
,{"stream_name":"stderr","time":78.452981633,"data":"Accessing `is_flash_linear_attention_available` from `.models.flava.image_processing_flava`. Returning `is_flash_linear_attention_available` instead. Behavior may be different and this alias will be removed in future versions.\n"}
,{"stream_name":"stderr","time":78.453000495,"data":"\n"}
,{"stream_name":"stderr","time":78.453005144,"data":"Accessing `is_flash_linear_attention_available` from `.models.flava.image_processing_flava`. Returning `is_flash_linear_attention_available` instead. Behavior may be different and this alias will be removed in future versions.\n"}
,{"stream_name":"stderr","time":78.469459214,"data":"Accessing `is_flash_linear_attention_available` from `.models.flava.image_processing_pil_flava`. Returning `is_flash_linear_attention_available` instead. Behavior may be different and this alias will be removed in future versions.\n"}
,{"stream_name":"stderr","time":78.469477913,"data":"\n"}
,{"stream_name":"stderr","time":78.469482709,"data":"Accessing `is_flash_linear_attention_available` from `.models.flava.image_processing_pil_flava`. Returning `is_flash_linear_attention_available` instead. Behavior may be different and this alias will be removed in future versions.\n"}
,{"stream_name":"stderr","time":78.474155531,"data":"Accessing `is_flash_linear_attention_available` from `.models.fuyu.image_processing_fuyu`. Returning `is_flash_linear_attention_available` instead. Behavior may be different and this alias will be removed in future versions.\n"}
,{"stream_name":"stderr","time":78.474174394,"data":"\n"}
,{"stream_name":"stderr","time":78.474178996,"data":"Accessing `is_flash_linear_attention_available` from `.models.fuyu.image_processing_fuyu`. Returning `is_flash_linear_attention_available` instead. Behavior may be different and this alias will be removed in future versions.\n"}
,{"stream_name":"stderr","time":78.47843914,"data":"Accessing `is_flash_linear_attention_available` from `.models.fuyu.image_processing_pil_fuyu`. Returning `is_flash_linear_attention_available` instead. Behavior may be different and this alias will be removed in future versions.\n"}
,{"stream_name":"stderr","time":78.478457686,"data":"\n"}
,{"stream_name":"stderr","time":78.47846287,"data":"Accessing `is_flash_linear_attention_available` from `.models.fuyu.image_processing_pil_fuyu`. Returning `is_flash_linear_attention_available` instead. Behavior may be different and this alias will be removed in future versions.\n"}
,{"stream_name":"stderr","time":78.480434945,"data":"Accessing `is_flash_linear_attention_available` from `.models.gemma3.image_processing_gemma3`. Returning `is_flash_linear_attention_available` instead. Behavior may be different and this alias will be removed in future versions.\n"}
,{"stream_name":"stderr","time":78.480454099,"data":"\n"}
,{"stream_name":"stderr","time":78.480458906,"data":"Accessing `is_flash_linear_attention_available` from `.models.gemma3.image_processing_gemma3`. Returning `is_flash_linear_attention_available` instead. Behavior may be different and this alias will be removed in future versions.\n"}
,{"stream_name":"stderr","time":78.49453352,"data":"Accessing `is_flash_linear_attention_available` from `.models.gemma3.image_processing_pil_gemma3`. Returning `is_flash_linear_attention_available` instead. Behavior may be different and this alias will be removed in future versions.\n"}
,{"stream_name":"stderr","time":78.494553951,"data":"\n"}
,{"stream_name":"stderr","time":78.494558647,"data":"Accessing `is_flash_linear_attention_available` from `.models.gemma3.image_processing_pil_gemma3`. Returning `is_flash_linear_attention_available` instead. Behavior may be different and this alias will be removed in future versions.\n"}
,{"stream_name":"stderr","time":78.497066247,"data":"Accessing `is_flash_linear_attention_available` from `.models.gemma4.image_processing_gemma4`. Returning `is_flash_linear_attention_available` instead. Behavior may be different and this alias will be removed in future versions.\n"}
,{"stream_name":"stderr","time":78.497083747,"data":"\n"}
,{"stream_name":"stderr","time":78.497088279,"data":"Accessing `is_flash_linear_attention_available` from `.models.gemma4.image_processing_gemma4`. Returning `is_flash_linear_attention_available` instead. Behavior may be different and this alias will be removed in future versions.\n"}
,{"stream_name":"stderr","time":78.512039123,"data":"Accessing `is_flash_linear_attention_available` from `.models.gemma4.image_processing_pil_gemma4`. Returning `is_flash_linear_attention_available` instead. Behavior may be different and this alias will be removed in future versions.\n"}
,{"stream_name":"stderr","time":78.512058194,"data":"\n"}
,{"stream_name":"stderr","time":78.512062949,"data":"Accessing `is_flash_linear_attention_available` from `.models.gemma4.image_processing_pil_gemma4`. Returning `is_flash_linear_attention_available` instead. Behavior may be different and this alias will be removed in future versions.\n"}
,{"stream_name":"stderr","time":78.512917866,"data":"Accessing `is_flash_linear_attention_available` from `.models.glm46v.image_processing_glm46v`. Returning `is_flash_linear_attention_available` instead. Behavior may be different and this alias will be removed in future versions.\n"}
,{"stream_name":"stderr","time":78.5129371,"data":"\n"}
,{"stream_name":"stderr","time":78.512942267,"data":"Accessing `is_flash_linear_attention_available` from `.models.glm46v.image_processing_glm46v`. Returning `is_flash_linear_attention_available` instead. Behavior may be different and this alias will be removed in future versions.\n"}
,{"stream_name":"stderr","time":78.51981709,"data":"Accessing `is_flash_linear_attention_available` from `.models.glm46v.image_processing_pil_glm46v`. Returning `is_flash_linear_attention_available` instead. Behavior may be different and this alias will be removed in future versions.\n"}
,{"stream_name":"stderr","time":78.519866885,"data":"\n"}
,{"stream_name":"stderr","time":78.519870779,"data":"Accessing `is_flash_linear_attention_available` from `.models.glm46v.image_processing_pil_glm46v`. Returning `is_flash_linear_attention_available` instead. Behavior may be different and this alias will be removed in future versions.\n"}
,{"stream_name":"stderr","time":78.52243445,"data":"Accessing `is_flash_linear_attention_available` from `.models.glm4v.image_processing_glm4v`. Returning `is_flash_linear_attention_available` instead. Behavior may be different and this alias will be removed in future versions.\n"}
,{"stream_name":"stderr","time":78.522470597,"data":"\n"}
,{"stream_name":"stderr","time":78.522474603,"data":"Accessing `is_flash_linear_attention_available` from `.models.glm4v.image_processing_glm4v`. Returning `is_flash_linear_attention_available` instead. Behavior may be different and this alias will be removed in future versions.\n"}
,{"stream_name":"stderr","time":78.532094367,"data":"Accessing `is_flash_linear_attention_available` from `.models.glm4v.image_processing_pil_glm4v`. Returning `is_flash_linear_attention_available` instead. Behavior may be different and this alias will be removed in future versions.\n"}
,{"stream_name":"stderr","time":78.53211345,"data":"\n"}
,{"stream_name":"stderr","time":78.532119129,"data":"Accessing `is_flash_linear_attention_available` from `.models.glm4v.image_processing_pil_glm4v`. Returning `is_flash_linear_attention_available` instead. Behavior may be different and this alias will be removed in future versions.\n"}
,{"stream_name":"stderr","time":78.534702855,"data":"Accessing `is_flash_linear_attention_available` from `.models.glm_image.image_processing_glm_image`. Returning `is_flash_linear_attention_available` instead. Behavior may be different and this alias will be removed in future versions.\n"}
,{"stream_name":"stderr","time":78.534723997,"data":"\n"}
,{"stream_name":"stderr","time":78.534732513,"data":"Accessing `is_flash_linear_attention_available` from `.models.glm_image.image_processing_glm_image`. Returning `is_flash_linear_attention_available` instead. Behavior may be different and this alias will be removed in future versions.\n"}
,{"stream_name":"stderr","time":78.548379883,"data":"Accessing `is_flash_linear_attention_available` from `.models.glm_image.image_processing_pil_glm_image`. Returning `is_flash_linear_attention_available` instead. Behavior may be different and this alias will be removed in future versions.\n"}
,{"stream_name":"stderr","time":78.548400367,"data":"\n"}
,{"stream_name":"stderr","time":78.548405368,"data":"Accessing `is_flash_linear_attention_available` from `.models.glm_image.image_processing_pil_glm_image`. Returning `is_flash_linear_attention_available` instead. Behavior may be different and this alias will be removed in future versions.\n"}
,{"stream_name":"stderr","time":78.551224687,"data":"Accessing `is_flash_linear_attention_available` from `.models.glpn.image_processing_glpn`. Returning `is_flash_linear_attention_available` instead. Behavior may be different and this alias will be removed in future versions.\n"}
,{"stream_name":"stderr","time":78.551244364,"data":"\n"}
,{"stream_name":"stderr","time":78.551249944,"data":"Accessing `is_flash_linear_attention_available` from `.models.glpn.image_processing_glpn`. Returning `is_flash_linear_attention_available` instead. Behavior may be different and this alias will be removed in future versions.\n"}
,{"stream_name":"stderr","time":78.557470089,"data":"Accessing `is_flash_linear_attention_available` from `.models.glpn.image_processing_pil_glpn`. Returning `is_flash_linear_attention_available` instead. Behavior may be different and this alias will be removed in future versions.\n"}
,{"stream_name":"stderr","time":78.557488547,"data":"\n"}
,{"stream_name":"stderr","time":78.557493687,"data":"Accessing `is_flash_linear_attention_available` from `.models.glpn.image_processing_pil_glpn`. Returning `is_flash_linear_attention_available` instead. Behavior may be different and this alias will be removed in future versions.\n"}
,{"stream_name":"stderr","time":78.560127952,"data":"Accessing `is_flash_linear_attention_available` from `.models.got_ocr2.image_processing_got_ocr2`. Returning `is_flash_linear_attention_available` instead. Behavior may be different and this alias will be removed in future versions.\n"}
,{"stream_name":"stderr","time":78.560147522,"data":"\n"}
,{"stream_name":"stderr","time":78.560152846,"data":"Accessing `is_flash_linear_attention_available` from `.models.got_ocr2.image_processing_got_ocr2`. Returning `is_flash_linear_attention_available` instead. Behavior may be different and this alias will be removed in future versions.\n"}
,{"stream_name":"stderr","time":78.563722506,"data":"Accessing `is_flash_linear_attention_available` from `.models.got_ocr2.image_processing_pil_got_ocr2`. Returning `is_flash_linear_attention_available` instead. Behavior may be different and this alias will be removed in future versions.\n"}
,{"stream_name":"stderr","time":78.563741709,"data":"\n"}
,{"stream_name":"stderr","time":78.563747039,"data":"Accessing `is_flash_linear_attention_available` from `.models.got_ocr2.image_processing_pil_got_ocr2`. Returning `is_flash_linear_attention_available` instead. Behavior may be different and this alias will be removed in future versions.\n"}
,{"stream_name":"stderr","time":78.566006425,"data":"Accessing `is_flash_linear_attention_available` from `.models.grounding_dino.image_processing_grounding_dino`. Returning `is_flash_linear_attention_available` instead. Behavior may be different and this alias will be removed in future versions.\n"}
,{"stream_name":"stderr","time":78.566024687,"data":"\n"}
,{"stream_name":"stderr","time":78.566029638,"data":"Accessing `is_flash_linear_attention_available` from `.models.grounding_dino.image_processing_grounding_dino`. Returning `is_flash_linear_attention_available` instead. Behavior may be different and this alias will be removed in future versions.\n"}
,{"stream_name":"stderr","time":78.576574061,"data":"Accessing `is_flash_linear_attention_available` from `.models.grounding_dino.image_processing_pil_grounding_dino`. Returning `is_flash_linear_attention_available` instead. Behavior may be different and this alias will be removed in future versions.\n"}
,{"stream_name":"stderr","time":78.576593522,"data":"\n"}
,{"stream_name":"stderr","time":78.576598392,"data":"Accessing `is_flash_linear_attention_available` from `.models.grounding_dino.image_processing_pil_grounding_dino`. Returning `is_flash_linear_attention_available` instead. Behavior may be different and this alias will be removed in future versions.\n"}
,{"stream_name":"stderr","time":78.579706943,"data":"Accessing `is_flash_linear_attention_available` from `.models.idefics.image_processing_idefics`. Returning `is_flash_linear_attention_available` instead. Behavior may be different and this alias will be removed in future versions.\n"}
,{"stream_name":"stderr","time":78.579723978,"data":"\n"}
,{"stream_name":"stderr","time":78.579728381,"data":"Accessing `is_flash_linear_attention_available` from `.models.idefics.image_processing_idefics`. Returning `is_flash_linear_attention_available` instead. Behavior may be different and this alias will be removed in future versions.\n"}
,{"stream_name":"stderr","time":78.5942249,"data":"Accessing `is_flash_linear_attention_available` from `.models.idefics.image_processing_pil_idefics`. Returning `is_flash_linear_attention_available` instead. Behavior may be different and this alias will be removed in future versions.\n"}
,{"stream_name":"stderr","time":78.594256425,"data":"\n"}
,{"stream_name":"stderr","time":78.594267026,"data":"Accessing `is_flash_linear_attention_available` from `.models.idefics.image_processing_pil_idefics`. Returning `is_flash_linear_attention_available` instead. Behavior may be different and this alias will be removed in future versions.\n"}
,{"stream_name":"stderr","time":78.596978754,"data":"Accessing `is_flash_linear_attention_available` from `.models.idefics2.image_processing_idefics2`. Returning `is_flash_linear_attention_available` instead. Behavior may be different and this alias will be removed in future versions.\n"}
,{"stream_name":"stderr","time":78.596996885,"data":"\n"}
,{"stream_name":"stderr","time":78.59700221,"data":"Accessing `is_flash_linear_attention_available` from `.models.idefics2.image_processing_idefics2`. Returning `is_flash_linear_attention_available` instead. Behavior may be different and this alias will be removed in future versions.\n"}
,{"stream_name":"stderr","time":78.605787521,"data":"Accessing `is_flash_linear_attention_available` from `.models.idefics2.image_processing_pil_idefics2`. Returning `is_flash_linear_attention_available` instead. Behavior may be different and this alias will be removed in future versions.\n"}
,{"stream_name":"stderr","time":78.605842751,"data":"\n"}
,{"stream_name":"stderr","time":78.605852461,"data":"Accessing `is_flash_linear_attention_available` from `.models.idefics2.image_processing_pil_idefics2`. Returning `is_flash_linear_attention_available` instead. Behavior may be different and this alias will be removed in future versions.\n"}
,{"stream_name":"stderr","time":78.608382015,"data":"Accessing `is_flash_linear_attention_available` from `.models.idefics3.image_processing_idefics3`. Returning `is_flash_linear_attention_available` instead. Behavior may be different and this alias will be removed in future versions.\n"}
,{"stream_name":"stderr","time":78.608402833,"data":"\n"}
,{"stream_name":"stderr","time":78.60840788,"data":"Accessing `is_flash_linear_attention_available` from `.models.idefics3.image_processing_idefics3`. Returning `is_flash_linear_attention_available` instead. Behavior may be different and this alias will be removed in future versions.\n"}
,{"stream_name":"stderr","time":78.615982005,"data":"Accessing `is_flash_linear_attention_available` from `.models.idefics3.image_processing_pil_idefics3`. Returning `is_flash_linear_attention_available` instead. Behavior may be different and this alias will be removed in future versions.\n"}
,{"stream_name":"stderr","time":78.616015158,"data":"\n"}
,{"stream_name":"stderr","time":78.616020928,"data":"Accessing `is_flash_linear_attention_available` from `.models.idefics3.image_processing_pil_idefics3`. Returning `is_flash_linear_attention_available` instead. Behavior may be different and this alias will be removed in future versions.\n"}
,{"stream_name":"stderr","time":78.618932274,"data":"Accessing `is_flash_linear_attention_available` from `.models.imagegpt.image_processing_imagegpt`. Returning `is_flash_linear_attention_available` instead. Behavior may be different and this alias will be removed in future versions.\n"}
,{"stream_name":"stderr","time":78.618951642,"data":"\n"}
,{"stream_name":"stderr","time":78.618957099,"data":"Accessing `is_flash_linear_attention_available` from `.models.imagegpt.image_processing_imagegpt`. Returning `is_flash_linear_attention_available` instead. Behavior may be different and this alias will be removed in future versions.\n"}
,{"stream_name":"stderr","time":78.622308185,"data":"Accessing `is_flash_linear_attention_available` from `.models.imagegpt.image_processing_pil_imagegpt`. Returning `is_flash_linear_attention_available` instead. Behavior may be different and this alias will be removed in future versions.\n"}
,{"stream_name":"stderr","time":78.622326524,"data":"\n"}
,{"stream_name":"stderr","time":78.622333234,"data":"Accessing `is_flash_linear_attention_available` from `.models.imagegpt.image_processing_pil_imagegpt`. Returning `is_flash_linear_attention_available` instead. Behavior may be different and this alias will be removed in future versions.\n"}
,{"stream_name":"stderr","time":78.624702482,"data":"Accessing `is_flash_linear_attention_available` from `.models.janus.image_processing_janus`. Returning `is_flash_linear_attention_available` instead. Behavior may be different and this alias will be removed in future versions.\n"}
,{"stream_name":"stderr","time":78.624728686,"data":"\n"}
,{"stream_name":"stderr","time":78.624735165,"data":"Accessing `is_flash_linear_attention_available` from `.models.janus.image_processing_janus`. Returning `is_flash_linear_attention_available` instead. Behavior may be different and this alias will be removed in future versions.\n"}
,{"stream_name":"stderr","time":78.628788484,"data":"Accessing `is_flash_linear_attention_available` from `.models.janus.image_processing_pil_janus`. Returning `is_flash_linear_attention_available` instead. Behavior may be different and this alias will be removed in future versions.\n"}
,{"stream_name":"stderr","time":78.62880966,"data":"\n"}
,{"stream_name":"stderr","time":78.628815164,"data":"Accessing `is_flash_linear_attention_available` from `.models.janus.image_processing_pil_janus`. Returning `is_flash_linear_attention_available` instead. Behavior may be different and this alias will be removed in future versions.\n"}
,{"stream_name":"stderr","time":78.636777928,"data":"Accessing `is_flash_linear_attention_available` from `.models.kosmos2_5.image_processing_kosmos2_5`. Returning `is_flash_linear_attention_available` instead. Behavior may be different and this alias will be removed in future versions.\n"}
,{"stream_name":"stderr","time":78.636798656,"data":"\n"}
,{"stream_name":"stderr","time":78.636803881,"data":"Accessing `is_flash_linear_attention_available` from `.models.kosmos2_5.image_processing_kosmos2_5`. Returning `is_flash_linear_attention_available` instead. Behavior may be different and this alias will be removed in future versions.\n"}
,{"stream_name":"stderr","time":78.650122893,"data":"Accessing `is_flash_linear_attention_available` from `.models.kosmos2_5.image_processing_pil_kosmos2_5`. Returning `is_flash_linear_attention_available` instead. Behavior may be different and this alias will be removed in future versions.\n"}
,{"stream_name":"stderr","time":78.650142976,"data":"\n"}
,{"stream_name":"stderr","time":78.650147831,"data":"Accessing `is_flash_linear_attention_available` from `.models.kosmos2_5.image_processing_pil_kosmos2_5`. Returning `is_flash_linear_attention_available` instead. Behavior may be different and this alias will be removed in future versions.\n"}
,{"stream_name":"stderr","time":78.653244017,"data":"Accessing `is_flash_linear_attention_available` from `.models.layoutlmv2.image_processing_layoutlmv2`. Returning `is_flash_linear_attention_available` instead. Behavior may be different and this alias will be removed in future versions.\n"}
,{"stream_name":"stderr","time":78.653264305,"data":"\n"}
,{"stream_name":"stderr","time":78.653269987,"data":"Accessing `is_flash_linear_attention_available` from `.models.layoutlmv2.image_processing_layoutlmv2`. Returning `is_flash_linear_attention_available` instead. Behavior may be different and this alias will be removed in future versions.\n"}
,{"stream_name":"stderr","time":78.669759219,"data":"Accessing `is_flash_linear_attention_available` from `.models.layoutlmv2.image_processing_pil_layoutlmv2`. Returning `is_flash_linear_attention_available` instead. Behavior may be different and this alias will be removed in future versions.\n"}
,{"stream_name":"stderr","time":78.669780411,"data":"\n"}
,{"stream_name":"stderr","time":78.669785451,"data":"Accessing `is_flash_linear_attention_available` from `.models.layoutlmv2.image_processing_pil_layoutlmv2`. Returning `is_flash_linear_attention_available` instead. Behavior may be different and this alias will be removed in future versions.\n"}
,{"stream_name":"stderr","time":78.672607579,"data":"Accessing `is_flash_linear_attention_available` from `.models.layoutlmv3.image_processing_layoutlmv3`. Returning `is_flash_linear_attention_available` instead. Behavior may be different and this alias will be removed in future versions.\n"}
,{"stream_name":"stderr","time":78.672627093,"data":"\n"}
,{"stream_name":"stderr","time":78.672637282,"data":"Accessing `is_flash_linear_attention_available` from `.models.layoutlmv3.image_processing_layoutlmv3`. Returning `is_flash_linear_attention_available` instead. Behavior may be different and this alias will be removed in future versions.\n"}
,{"stream_name":"stderr","time":78.680171549,"data":"Accessing `is_flash_linear_attention_available` from `.models.layoutlmv3.image_processing_pil_layoutlmv3`. Returning `is_flash_linear_attention_available` instead. Behavior may be different and this alias will be removed in future versions.\n"}
,{"stream_name":"stderr","time":78.680200926,"data":"\n"}
,{"stream_name":"stderr","time":78.680206454,"data":"Accessing `is_flash_linear_attention_available` from `.models.layoutlmv3.image_processing_pil_layoutlmv3`. Returning `is_flash_linear_attention_available` instead. Behavior may be different and this alias will be removed in future versions.\n"}
,{"stream_name":"stderr","time":78.683110303,"data":"Accessing `is_flash_linear_attention_available` from `.models.levit.image_processing_levit`. Returning `is_flash_linear_attention_available` instead. Behavior may be different and this alias will be removed in future versions.\n"}
,{"stream_name":"stderr","time":78.683127271,"data":"\n"}
,{"stream_name":"stderr","time":78.683132138,"data":"Accessing `is_flash_linear_attention_available` from `.models.levit.image_processing_levit`. Returning `is_flash_linear_attention_available` instead. Behavior may be different and this alias will be removed in future versions.\n"}
,{"stream_name":"stderr","time":78.685942928,"data":"Accessing `is_flash_linear_attention_available` from `.models.levit.image_processing_pil_levit`. Returning `is_flash_linear_attention_available` instead. Behavior may be different and this alias will be removed in future versions.\n"}
,{"stream_name":"stderr","time":78.685963857,"data":"\n"}
,{"stream_name":"stderr","time":78.685969354,"data":"Accessing `is_flash_linear_attention_available` from `.models.levit.image_processing_pil_levit`. Returning `is_flash_linear_attention_available` instead. Behavior may be different and this alias will be removed in future versions.\n"}
,{"stream_name":"stderr","time":78.687290427,"data":"Accessing `is_flash_linear_attention_available` from `.models.lfm2_vl.image_processing_lfm2_vl`. Returning `is_flash_linear_attention_available` instead. Behavior may be different and this alias will be removed in future versions.\n"}
,{"stream_name":"stderr","time":78.687308843,"data":"\n"}
,{"stream_name":"stderr","time":78.687313839,"data":"Accessing `is_flash_linear_attention_available` from `.models.lfm2_vl.image_processing_lfm2_vl`. Returning `is_flash_linear_attention_available` instead. Behavior may be different and this alias will be removed in future versions.\n"}
,{"stream_name":"stderr","time":78.690796506,"data":"Accessing `is_flash_linear_attention_available` from `.models.lightglue.image_processing_lightglue`. Returning `is_flash_linear_attention_available` instead. Behavior may be different and this alias will be removed in future versions.\n"}
,{"stream_name":"stderr","time":78.690833958,"data":"\n"}
,{"stream_name":"stderr","time":78.690840301,"data":"Accessing `is_flash_linear_attention_available` from `.models.lightglue.image_processing_lightglue`. Returning `is_flash_linear_attention_available` instead. Behavior may be different and this alias will be removed in future versions.\n"}
,{"stream_name":"stderr","time":78.699647875,"data":"Accessing `is_flash_linear_attention_available` from `.models.lightglue.image_processing_pil_lightglue`. Returning `is_flash_linear_attention_available` instead. Behavior may be different and this alias will be removed in future versions.\n"}
,{"stream_name":"stderr","time":78.699666019,"data":"\n"}
,{"stream_name":"stderr","time":78.699670884,"data":"Accessing `is_flash_linear_attention_available` from `.models.lightglue.image_processing_pil_lightglue`. Returning `is_flash_linear_attention_available` instead. Behavior may be different and this alias will be removed in future versions.\n"}
,{"stream_name":"stderr","time":78.702122053,"data":"Accessing `is_flash_linear_attention_available` from `.models.llama4.image_processing_llama4`. Returning `is_flash_linear_attention_available` instead. Behavior may be different and this alias will be removed in future versions.\n"}
,{"stream_name":"stderr","time":78.70214023,"data":"\n"}
,{"stream_name":"stderr","time":78.702144733,"data":"Accessing `is_flash_linear_attention_available` from `.models.llama4.image_processing_llama4`. Returning `is_flash_linear_attention_available` instead. Behavior may be different and this alias will be removed in future versions.\n"}
,{"stream_name":"stderr","time":78.712881578,"data":"Accessing `is_flash_linear_attention_available` from `.models.llava.image_processing_llava`. Returning `is_flash_linear_attention_available` instead. Behavior may be different and this alias will be removed in future versions.\n"}
,{"stream_name":"stderr","time":78.712899066,"data":"\n"}
,{"stream_name":"stderr","time":78.712903307,"data":"Accessing `is_flash_linear_attention_available` from `.models.llava.image_processing_llava`. Returning `is_flash_linear_attention_available` instead. Behavior may be different and this alias will be removed in future versions.\n"}
,{"stream_name":"stderr","time":78.715724463,"data":"Accessing `is_flash_linear_attention_available` from `.models.llava.image_processing_pil_llava`. Returning `is_flash_linear_attention_available` instead. Behavior may be different and this alias will be removed in future versions.\n"}
,{"stream_name":"stderr","time":78.715743848,"data":"\n"}
,{"stream_name":"stderr","time":78.715748744,"data":"Accessing `is_flash_linear_attention_available` from `.models.llava.image_processing_pil_llava`. Returning `is_flash_linear_attention_available` instead. Behavior may be different and this alias will be removed in future versions.\n"}
,{"stream_name":"stderr","time":78.717221389,"data":"Accessing `is_flash_linear_attention_available` from `.models.llava_next.image_processing_llava_next`. Returning `is_flash_linear_attention_available` instead. Behavior may be different and this alias will be removed in future versions.\n"}
,{"stream_name":"stderr","time":78.717250322,"data":"\n"}
,{"stream_name":"stderr","time":78.717255196,"data":"Accessing `is_flash_linear_attention_available` from `.models.llava_next.image_processing_llava_next`. Returning `is_flash_linear_attention_available` instead. Behavior may be different and this alias will be removed in future versions.\n"}
,{"stream_name":"stderr","time":78.723771253,"data":"Accessing `is_flash_linear_attention_available` from `.models.llava_next.image_processing_pil_llava_next`. Returning `is_flash_linear_attention_available` instead. Behavior may be different and this alias will be removed in future versions.\n"}
,{"stream_name":"stderr","time":78.723790047,"data":"\n"}
,{"stream_name":"stderr","time":78.723794854,"data":"Accessing `is_flash_linear_attention_available` from `.models.llava_next.image_processing_pil_llava_next`. Returning `is_flash_linear_attention_available` instead. Behavior may be different and this alias will be removed in future versions.\n"}
,{"stream_name":"stderr","time":78.72623277,"data":"Accessing `is_flash_linear_attention_available` from `.models.llava_onevision.image_processing_llava_onevision`. Returning `is_flash_linear_attention_available` instead. Behavior may be different and this alias will be removed in future versions.\n"}
,{"stream_name":"stderr","time":78.726251164,"data":"\n"}
,{"stream_name":"stderr","time":78.726255862,"data":"Accessing `is_flash_linear_attention_available` from `.models.llava_onevision.image_processing_llava_onevision`. Returning `is_flash_linear_attention_available` instead. Behavior may be different and this alias will be removed in future versions.\n"}
,{"stream_name":"stderr","time":78.732366878,"data":"Accessing `is_flash_linear_attention_available` from `.models.llava_onevision.image_processing_pil_llava_onevision`. Returning `is_flash_linear_attention_available` instead. Behavior may be different and this alias will be removed in future versions.\n"}
,{"stream_name":"stderr","time":78.732385205,"data":"\n"}
,{"stream_name":"stderr","time":78.7323907,"data":"Accessing `is_flash_linear_attention_available` from `.models.llava_onevision.image_processing_pil_llava_onevision`. Returning `is_flash_linear_attention_available` instead. Behavior may be different and this alias will be removed in future versions.\n"}
,{"stream_name":"stderr","time":78.737172536,"data":"Accessing `is_flash_linear_attention_available` from `.models.mask2former.image_processing_mask2former`. Returning `is_flash_linear_attention_available` instead. Behavior may be different and this alias will be removed in future versions.\n"}
,{"stream_name":"stderr","time":78.737192225,"data":"\n"}
,{"stream_name":"stderr","time":78.737197251,"data":"Accessing `is_flash_linear_attention_available` from `.models.mask2former.image_processing_mask2former`. Returning `is_flash_linear_attention_available` instead. Behavior may be different and this alias will be removed in future versions.\n"}
,{"stream_name":"stderr","time":78.746511269,"data":"Accessing `is_flash_linear_attention_available` from `.models.mask2former.image_processing_pil_mask2former`. Returning `is_flash_linear_attention_available` instead. Behavior may be different and this alias will be removed in future versions.\n"}
,{"stream_name":"stderr","time":78.746538059,"data":"\n"}
,{"stream_name":"stderr","time":78.746542483,"data":"Accessing `is_flash_linear_attention_available` from `.models.mask2former.image_processing_pil_mask2former`. Returning `is_flash_linear_attention_available` instead. Behavior may be different and this alias will be removed in future versions.\n"}
,{"stream_name":"stderr","time":78.749465985,"data":"Accessing `is_flash_linear_attention_available` from `.models.maskformer.image_processing_maskformer`. Returning `is_flash_linear_attention_available` instead. Behavior may be different and this alias will be removed in future versions.\n"}
,{"stream_name":"stderr","time":78.749486152,"data":"\n"}
,{"stream_name":"stderr","time":78.749496276,"data":"Accessing `is_flash_linear_attention_available` from `.models.maskformer.image_processing_maskformer`. Returning `is_flash_linear_attention_available` instead. Behavior may be different and this alias will be removed in future versions.\n"}
,{"stream_name":"stderr","time":78.760943098,"data":"Accessing `is_flash_linear_attention_available` from `.models.maskformer.image_processing_pil_maskformer`. Returning `is_flash_linear_attention_available` instead. Behavior may be different and this alias will be removed in future versions.\n"}
,{"stream_name":"stderr","time":78.760970215,"data":"\n"}
,{"stream_name":"stderr","time":78.760974163,"data":"Accessing `is_flash_linear_attention_available` from `.models.maskformer.image_processing_pil_maskformer`. Returning `is_flash_linear_attention_available` instead. Behavior may be different and this alias will be removed in future versions.\n"}
,{"stream_name":"stderr","time":78.764206109,"data":"Accessing `is_flash_linear_attention_available` from `.models.mllama.image_processing_mllama`. Returning `is_flash_linear_attention_available` instead. Behavior may be different and this alias will be removed in future versions.\n"}
,{"stream_name":"stderr","time":78.764226558,"data":"\n"}
,{"stream_name":"stderr","time":78.764232086,"data":"Accessing `is_flash_linear_attention_available` from `.models.mllama.image_processing_mllama`. Returning `is_flash_linear_attention_available` instead. Behavior may be different and this alias will be removed in future versions.\n"}
,{"stream_name":"stderr","time":78.774166381,"data":"Accessing `is_flash_linear_attention_available` from `.models.mllama.image_processing_pil_mllama`. Returning `is_flash_linear_attention_available` instead. Behavior may be different and this alias will be removed in future versions.\n"}
,{"stream_name":"stderr","time":78.774191606,"data":"\n"}
,{"stream_name":"stderr","time":78.774195852,"data":"Accessing `is_flash_linear_attention_available` from `.models.mllama.image_processing_pil_mllama`. Returning `is_flash_linear_attention_available` instead. Behavior may be different and this alias will be removed in future versions.\n"}
,{"stream_name":"stderr","time":78.776866666,"data":"Accessing `is_flash_linear_attention_available` from `.models.mobilenet_v1.image_processing_mobilenet_pil_v1`. Returning `is_flash_linear_attention_available` instead. Behavior may be different and this alias will be removed in future versions.\n"}
,{"stream_name":"stderr","time":78.77689715,"data":"\n"}
,{"stream_name":"stderr","time":78.776901573,"data":"Accessing `is_flash_linear_attention_available` from `.models.mobilenet_v1.image_processing_mobilenet_pil_v1`. Returning `is_flash_linear_attention_available` instead. Behavior may be different and this alias will be removed in future versions.\n"}
,{"stream_name":"stderr","time":78.779309102,"data":"Accessing `is_flash_linear_attention_available` from `.models.mobilenet_v1.image_processing_mobilenet_v1`. Returning `is_flash_linear_attention_available` instead. Behavior may be different and this alias will be removed in future versions.\n"}
,{"stream_name":"stderr","time":78.779328853,"data":"\n"}
,{"stream_name":"stderr","time":78.779333986,"data":"Accessing `is_flash_linear_attention_available` from `.models.mobilenet_v1.image_processing_mobilenet_v1`. Returning `is_flash_linear_attention_available` instead. Behavior may be different and this alias will be removed in future versions.\n"}
,{"stream_name":"stderr","time":78.780939003,"data":"Accessing `is_flash_linear_attention_available` from `.models.mobilenet_v2.image_processing_mobilenet_v2`. Returning `is_flash_linear_attention_available` instead. Behavior may be different and this alias will be removed in future versions.\n"}
,{"stream_name":"stderr","time":78.780975877,"data":"\n"}
,{"stream_name":"stderr","time":78.780981424,"data":"Accessing `is_flash_linear_attention_available` from `.models.mobilenet_v2.image_processing_mobilenet_v2`. Returning `is_flash_linear_attention_available` instead. Behavior may be different and this alias will be removed in future versions.\n"}
,{"stream_name":"stderr","time":78.786969284,"data":"Accessing `is_flash_linear_attention_available` from `.models.mobilenet_v2.image_processing_pil_mobilenet_v2`. Returning `is_flash_linear_attention_available` instead. Behavior may be different and this alias will be removed in future versions.\n"}
,{"stream_name":"stderr","time":78.786988468,"data":"\n"}
,{"stream_name":"stderr","time":78.786995876,"data":"Accessing `is_flash_linear_attention_available` from `.models.mobilenet_v2.image_processing_pil_mobilenet_v2`. Returning `is_flash_linear_attention_available` instead. Behavior may be different and this alias will be removed in future versions.\n"}
,{"stream_name":"stderr","time":78.789685092,"data":"Accessing `is_flash_linear_attention_available` from `.models.mobilevit.image_processing_mobilevit`. Returning `is_flash_linear_attention_available` instead. Behavior may be different and this alias will be removed in future versions.\n"}
,{"stream_name":"stderr","time":78.789704188,"data":"\n"}
,{"stream_name":"stderr","time":78.789709372,"data":"Accessing `is_flash_linear_attention_available` from `.models.mobilevit.image_processing_mobilevit`. Returning `is_flash_linear_attention_available` instead. Behavior may be different and this alias will be removed in future versions.\n"}
,{"stream_name":"stderr","time":78.796626789,"data":"Accessing `is_flash_linear_attention_available` from `.models.mobilevit.image_processing_pil_mobilevit`. Returning `is_flash_linear_attention_available` instead. Behavior may be different and this alias will be removed in future versions.\n"}
,{"stream_name":"stderr","time":78.79664705,"data":"\n"}
,{"stream_name":"stderr","time":78.796655218,"data":"Accessing `is_flash_linear_attention_available` from `.models.mobilevit.image_processing_pil_mobilevit`. Returning `is_flash_linear_attention_available` instead. Behavior may be different and this alias will be removed in future versions.\n"}
,{"stream_name":"stderr","time":78.799417195,"data":"Accessing `is_flash_linear_attention_available` from `.models.nougat.image_processing_nougat`. Returning `is_flash_linear_attention_available` instead. Behavior may be different and this alias will be removed in future versions.\n"}
,{"stream_name":"stderr","time":78.799436167,"data":"\n"}
,{"stream_name":"stderr","time":78.79944195,"data":"Accessing `is_flash_linear_attention_available` from `.models.nougat.image_processing_nougat`. Returning `is_flash_linear_attention_available` instead. Behavior may be different and this alias will be removed in future versions.\n"}
,{"stream_name":"stderr","time":78.805217111,"data":"Accessing `is_flash_linear_attention_available` from `.models.nougat.image_processing_pil_nougat`. Returning `is_flash_linear_attention_available` instead. Behavior may be different and this alias will be removed in future versions.\n"}
,{"stream_name":"stderr","time":78.805241567,"data":"\n"}
,{"stream_name":"stderr","time":78.805245688,"data":"Accessing `is_flash_linear_attention_available` from `.models.nougat.image_processing_pil_nougat`. Returning `is_flash_linear_attention_available` instead. Behavior may be different and this alias will be removed in future versions.\n"}
,{"stream_name":"stderr","time":78.808063251,"data":"Accessing `is_flash_linear_attention_available` from `.models.oneformer.image_processing_oneformer`. Returning `is_flash_linear_attention_available` instead. Behavior may be different and this alias will be removed in future versions.\n"}
,{"stream_name":"stderr","time":78.808082592,"data":"\n"}
,{"stream_name":"stderr","time":78.808097184,"data":"Accessing `is_flash_linear_attention_available` from `.models.oneformer.image_processing_oneformer`. Returning `is_flash_linear_attention_available` instead. Behavior may be different and this alias will be removed in future versions.\n"}
,{"stream_name":"stderr","time":78.81873976,"data":"Accessing `is_flash_linear_attention_available` from `.models.oneformer.image_processing_pil_oneformer`. Returning `is_flash_linear_attention_available` instead. Behavior may be different and this alias will be removed in future versions.\n"}
,{"stream_name":"stderr","time":78.818758739,"data":"\n"}
,{"stream_name":"stderr","time":78.818765217,"data":"Accessing `is_flash_linear_attention_available` from `.models.oneformer.image_processing_pil_oneformer`. Returning `is_flash_linear_attention_available` instead. Behavior may be different and this alias will be removed in future versions.\n"}
,{"stream_name":"stderr","time":78.822054889,"data":"Accessing `is_flash_linear_attention_available` from `.models.ovis2.image_processing_ovis2`. Returning `is_flash_linear_attention_available` instead. Behavior may be different and this alias will be removed in future versions.\n"}
,{"stream_name":"stderr","time":78.822093032,"data":"\n"}
,{"stream_name":"stderr","time":78.822098945,"data":"Accessing `is_flash_linear_attention_available` from `.models.ovis2.image_processing_ovis2`. Returning `is_flash_linear_attention_available` instead. Behavior may be different and this alias will be removed in future versions.\n"}
,{"stream_name":"stderr","time":78.832992283,"data":"Accessing `is_flash_linear_attention_available` from `.models.ovis2.image_processing_pil_ovis2`. Returning `is_flash_linear_attention_available` instead. Behavior may be different and this alias will be removed in future versions.\n"}
,{"stream_name":"stderr","time":78.833012274,"data":"\n"}
,{"stream_name":"stderr","time":78.833017489,"data":"Accessing `is_flash_linear_attention_available` from `.models.ovis2.image_processing_pil_ovis2`. Returning `is_flash_linear_attention_available` instead. Behavior may be different and this alias will be removed in future versions.\n"}
,{"stream_name":"stderr","time":78.836161214,"data":"Accessing `is_flash_linear_attention_available` from `.models.owlv2.image_processing_owlv2`. Returning `is_flash_linear_attention_available` instead. Behavior may be different and this alias will be removed in future versions.\n"}
,{"stream_name":"stderr","time":78.836181656,"data":"\n"}
,{"stream_name":"stderr","time":78.836186843,"data":"Accessing `is_flash_linear_attention_available` from `.models.owlv2.image_processing_owlv2`. Returning `is_flash_linear_attention_available` instead. Behavior may be different and this alias will be removed in future versions.\n"}
,{"stream_name":"stderr","time":78.839989816,"data":"Accessing `is_flash_linear_attention_available` from `.models.owlv2.image_processing_pil_owlv2`. Returning `is_flash_linear_attention_available` instead. Behavior may be different and this alias will be removed in future versions.\n"}
,{"stream_name":"stderr","time":78.840008537,"data":"\n"}
,{"stream_name":"stderr","time":78.840013488,"data":"Accessing `is_flash_linear_attention_available` from `.models.owlv2.image_processing_pil_owlv2`. Returning `is_flash_linear_attention_available` instead. Behavior may be different and this alias will be removed in future versions.\n"}
,{"stream_name":"stderr","time":78.841869079,"data":"Accessing `is_flash_linear_attention_available` from `.models.owlvit.image_processing_owlvit`. Returning `is_flash_linear_attention_available` instead. Behavior may be different and this alias will be removed in future versions.\n"}
,{"stream_name":"stderr","time":78.841887369,"data":"\n"}
,{"stream_name":"stderr","time":78.841891912,"data":"Accessing `is_flash_linear_attention_available` from `.models.owlvit.image_processing_owlvit`. Returning `is_flash_linear_attention_available` instead. Behavior may be different and this alias will be removed in future versions.\n"}
,{"stream_name":"stderr","time":78.845328978,"data":"Accessing `is_flash_linear_attention_available` from `.models.owlvit.image_processing_pil_owlvit`. Returning `is_flash_linear_attention_available` instead. Behavior may be different and this alias will be removed in future versions.\n"}
,{"stream_name":"stderr","time":78.845348458,"data":"\n"}
,{"stream_name":"stderr","time":78.84535377,"data":"Accessing `is_flash_linear_attention_available` from `.models.owlvit.image_processing_pil_owlvit`. Returning `is_flash_linear_attention_available` instead. Behavior may be different and this alias will be removed in future versions.\n"}
,{"stream_name":"stderr","time":78.847147642,"data":"Accessing `is_flash_linear_attention_available` from `.models.paddleocr_vl.image_processing_paddleocr_vl`. Returning `is_flash_linear_attention_available` instead. Behavior may be different and this alias will be removed in future versions.\n"}
,{"stream_name":"stderr","time":78.847166342,"data":"\n"}
,{"stream_name":"stderr","time":78.847171643,"data":"Accessing `is_flash_linear_attention_available` from `.models.paddleocr_vl.image_processing_paddleocr_vl`. Returning `is_flash_linear_attention_available` instead. Behavior may be different and this alias will be removed in future versions.\n"}
,{"stream_name":"stderr","time":78.856871156,"data":"Accessing `is_flash_linear_attention_available` from `.models.paddleocr_vl.image_processing_pil_paddleocr_vl`. Returning `is_flash_linear_attention_available` instead. Behavior may be different and this alias will be removed in future versions.\n"}
,{"stream_name":"stderr","time":78.85689106,"data":"\n"}
,{"stream_name":"stderr","time":78.856896467,"data":"Accessing `is_flash_linear_attention_available` from `.models.paddleocr_vl.image_processing_pil_paddleocr_vl`. Returning `is_flash_linear_attention_available` instead. Behavior may be different and this alias will be removed in future versions.\n"}
,{"stream_name":"stderr","time":78.859441263,"data":"Accessing `is_flash_linear_attention_available` from `.models.perceiver.image_processing_perceiver`. Returning `is_flash_linear_attention_available` instead. Behavior may be different and this alias will be removed in future versions.\n"}
,{"stream_name":"stderr","time":78.859459818,"data":"\n"}
,{"stream_name":"stderr","time":78.859465214,"data":"Accessing `is_flash_linear_attention_available` from `.models.perceiver.image_processing_perceiver`. Returning `is_flash_linear_attention_available` instead. Behavior may be different and this alias will be removed in future versions.\n"}
,{"stream_name":"stderr","time":78.863210813,"data":"Accessing `is_flash_linear_attention_available` from `.models.perceiver.image_processing_pil_perceiver`. Returning `is_flash_linear_attention_available` instead. Behavior may be different and this alias will be removed in future versions.\n"}
,{"stream_name":"stderr","time":78.863231567,"data":"\n"}
,{"stream_name":"stderr","time":78.863237062,"data":"Accessing `is_flash_linear_attention_available` from `.models.perceiver.image_processing_pil_perceiver`. Returning `is_flash_linear_attention_available` instead. Behavior may be different and this alias will be removed in future versions.\n"}
,{"stream_name":"stderr","time":78.8650848,"data":"Accessing `is_flash_linear_attention_available` from `.models.perception_lm.image_processing_perception_lm`. Returning `is_flash_linear_attention_available` instead. Behavior may be different and this alias will be removed in future versions.\n"}
,{"stream_name":"stderr","time":78.865117868,"data":"\n"}
,{"stream_name":"stderr","time":78.865123438,"data":"Accessing `is_flash_linear_attention_available` from `.models.perception_lm.image_processing_perception_lm`. Returning `is_flash_linear_attention_available` instead. Behavior may be different and this alias will be removed in future versions.\n"}
,{"stream_name":"stderr","time":83.946654431,"data":"Accessing `is_flash_linear_attention_available` from `.models.phi4_multimodal.image_processing_phi4_multimodal`. Returning `is_flash_linear_attention_available` instead. Behavior may be different and this alias will be removed in future versions.\n"}
,{"stream_name":"stderr","time":83.946687835,"data":"\n"}
,{"stream_name":"stderr","time":83.94669398,"data":"Accessing `is_flash_linear_attention_available` from `.models.phi4_multimodal.image_processing_phi4_multimodal`. Returning `is_flash_linear_attention_available` instead. Behavior may be different and this alias will be removed in future versions.\n"}
,{"stream_name":"stderr","time":83.958303521,"data":"Accessing `is_flash_linear_attention_available` from `.models.pi0.image_processing_pi0`. Returning `is_flash_linear_attention_available` instead. Behavior may be different and this alias will be removed in future versions.\n"}
,{"stream_name":"stderr","time":83.958344987,"data":"\n"}
,{"stream_name":"stderr","time":83.958349886,"data":"Accessing `is_flash_linear_attention_available` from `.models.pi0.image_processing_pi0`. Returning `is_flash_linear_attention_available` instead. Behavior may be different and this alias will be removed in future versions.\n"}
,{"stream_name":"stderr","time":83.961245122,"data":"Accessing `is_flash_linear_attention_available` from `.models.pix2struct.image_processing_pil_pix2struct`. Returning `is_flash_linear_attention_available` instead. Behavior may be different and this alias will be removed in future versions.\n"}
,{"stream_name":"stderr","time":83.961268016,"data":"\n"}
,{"stream_name":"stderr","time":83.961274365,"data":"Accessing `is_flash_linear_attention_available` from `.models.pix2struct.image_processing_pil_pix2struct`. Returning `is_flash_linear_attention_available` instead. Behavior may be different and this alias will be removed in future versions.\n"}
,{"stream_name":"stderr","time":83.972032132,"data":"Accessing `is_flash_linear_attention_available` from `.models.pix2struct.image_processing_pix2struct`. Returning `is_flash_linear_attention_available` instead. Behavior may be different and this alias will be removed in future versions.\n"}
,{"stream_name":"stderr","time":83.972056896,"data":"\n"}
,{"stream_name":"stderr","time":83.972063064,"data":"Accessing `is_flash_linear_attention_available` from `.models.pix2struct.image_processing_pix2struct`. Returning `is_flash_linear_attention_available` instead. Behavior may be different and this alias will be removed in future versions.\n"}
,{"stream_name":"stderr","time":83.97516994,"data":"Accessing `is_flash_linear_attention_available` from `.models.pixtral.image_processing_pil_pixtral`. Returning `is_flash_linear_attention_available` instead. Behavior may be different and this alias will be removed in future versions.\n"}
,{"stream_name":"stderr","time":83.975191985,"data":"\n"}
,{"stream_name":"stderr","time":83.975198372,"data":"Accessing `is_flash_linear_attention_available` from `.models.pixtral.image_processing_pil_pixtral`. Returning `is_flash_linear_attention_available` instead. Behavior may be different and this alias will be removed in future versions.\n"}
,{"stream_name":"stderr","time":83.981150334,"data":"Accessing `is_flash_linear_attention_available` from `.models.pixtral.image_processing_pixtral`. Returning `is_flash_linear_attention_available` instead. Behavior may be different and this alias will be removed in future versions.\n"}
,{"stream_name":"stderr","time":83.981171731,"data":"\n"}
,{"stream_name":"stderr","time":83.981178313,"data":"Accessing `is_flash_linear_attention_available` from `.models.pixtral.image_processing_pixtral`. Returning `is_flash_linear_attention_available` instead. Behavior may be different and this alias will be removed in future versions.\n"}
,{"stream_name":"stderr","time":83.983754265,"data":"Accessing `is_flash_linear_attention_available` from `.models.poolformer.image_processing_pil_poolformer`. Returning `is_flash_linear_attention_available` instead. Behavior may be different and this alias will be removed in future versions.\n"}
,{"stream_name":"stderr","time":83.983775226,"data":"\n"}
,{"stream_name":"stderr","time":83.983781274,"data":"Accessing `is_flash_linear_attention_available` from `.models.poolformer.image_processing_pil_poolformer`. Returning `is_flash_linear_attention_available` instead. Behavior may be different and this alias will be removed in future versions.\n"}
,{"stream_name":"stderr","time":83.986682952,"data":"Accessing `is_flash_linear_attention_available` from `.models.poolformer.image_processing_poolformer`. Returning `is_flash_linear_attention_available` instead. Behavior may be different and this alias will be removed in future versions.\n"}
,{"stream_name":"stderr","time":83.986705241,"data":"\n"}
,{"stream_name":"stderr","time":83.986710355,"data":"Accessing `is_flash_linear_attention_available` from `.models.poolformer.image_processing_poolformer`. Returning `is_flash_linear_attention_available` instead. Behavior may be different and this alias will be removed in future versions.\n"}
,{"stream_name":"stderr","time":83.988704487,"data":"Accessing `is_flash_linear_attention_available` from `.models.pp_chart2table.image_processing_pil_pp_chart2table`. Returning `is_flash_linear_attention_available` instead. Behavior may be different and this alias will be removed in future versions.\n"}
,{"stream_name":"stderr","time":83.988724369,"data":"\n"}
,{"stream_name":"stderr","time":83.988729227,"data":"Accessing `is_flash_linear_attention_available` from `.models.pp_chart2table.image_processing_pil_pp_chart2table`. Returning `is_flash_linear_attention_available` instead. Behavior may be different and this alias will be removed in future versions.\n"}
,{"stream_name":"stderr","time":83.991037916,"data":"Accessing `is_flash_linear_attention_available` from `.models.pp_chart2table.image_processing_pp_chart2table`. Returning `is_flash_linear_attention_available` instead. Behavior may be different and this alias will be removed in future versions.\n"}
,{"stream_name":"stderr","time":83.991055922,"data":"\n"}
,{"stream_name":"stderr","time":83.991060922,"data":"Accessing `is_flash_linear_attention_available` from `.models.pp_chart2table.image_processing_pp_chart2table`. Returning `is_flash_linear_attention_available` instead. Behavior may be different and this alias will be removed in future versions.\n"}
,{"stream_name":"stderr","time":83.992938078,"data":"Accessing `is_flash_linear_attention_available` from `.models.pp_doclayout_v2.image_processing_pp_doclayout_v2`. Returning `is_flash_linear_attention_available` instead. Behavior may be different and this alias will be removed in future versions.\n"}
,{"stream_name":"stderr","time":83.992955724,"data":"\n"}
,{"stream_name":"stderr","time":83.992960849,"data":"Accessing `is_flash_linear_attention_available` from `.models.pp_doclayout_v2.image_processing_pp_doclayout_v2`. Returning `is_flash_linear_attention_available` instead. Behavior may be different and this alias will be removed in future versions.\n"}
,{"stream_name":"stderr","time":83.997102807,"data":"Accessing `is_flash_linear_attention_available` from `.models.pp_doclayout_v3.image_processing_pp_doclayout_v3`. Returning `is_flash_linear_attention_available` instead. Behavior may be different and this alias will be removed in future versions.\n"}
,{"stream_name":"stderr","time":83.997135044,"data":"\n"}
,{"stream_name":"stderr","time":83.997140893,"data":"Accessing `is_flash_linear_attention_available` from `.models.pp_doclayout_v3.image_processing_pp_doclayout_v3`. Returning `is_flash_linear_attention_available` instead. Behavior may be different and this alias will be removed in future versions.\n"}
,{"stream_name":"stderr","time":84.210884639,"data":"Accessing `is_flash_linear_attention_available` from `.models.pp_lcnet.image_processing_pp_lcnet`. Returning `is_flash_linear_attention_available` instead. Behavior may be different and this alias will be removed in future versions.\n"}
,{"stream_name":"stderr","time":84.210915411,"data":"\n"}
,{"stream_name":"stderr","time":84.210920931,"data":"Accessing `is_flash_linear_attention_available` from `.models.pp_lcnet.image_processing_pp_lcnet`. Returning `is_flash_linear_attention_available` instead. Behavior may be different and this alias will be removed in future versions.\n"}
,{"stream_name":"stderr","time":84.215397878,"data":"Accessing `is_flash_linear_attention_available` from `.models.pp_ocrv5_server_det.image_processing_pp_ocrv5_server_det`. Returning `is_flash_linear_attention_available` instead. Behavior may be different and this alias will be removed in future versions.\n"}
,{"stream_name":"stderr","time":84.215442923,"data":"\n"}
,{"stream_name":"stderr","time":84.217974325,"data":"Accessing `is_flash_linear_attention_available` from `.models.pp_ocrv5_server_det.image_processing_pp_ocrv5_server_det`. Returning `is_flash_linear_attention_available` instead. Behavior may be different and this alias will be removed in future versions.\n"}
,{"stream_name":"stderr","time":84.226483587,"data":"Accessing `is_flash_linear_attention_available` from `.models.pp_ocrv5_server_rec.image_processing_pp_ocrv5_server_rec`. Returning `is_flash_linear_attention_available` instead. Behavior may be different and this alias will be removed in future versions.\n"}
,{"stream_name":"stderr","time":84.226499475,"data":"\n"}
,{"stream_name":"stderr","time":84.226778944,"data":"Accessing `is_flash_linear_attention_available` from `.models.pp_ocrv5_server_rec.image_processing_pp_ocrv5_server_rec`. Returning `is_flash_linear_attention_available` instead. Behavior may be different and this alias will be removed in future versions.\n"}
,{"stream_name":"stderr","time":84.229523102,"data":"Accessing `is_flash_linear_attention_available` from `.models.prompt_depth_anything.image_processing_pil_prompt_depth_anything`. Returning `is_flash_linear_attention_available` instead. Behavior may be different and this alias will be removed in future versions.\n"}
,{"stream_name":"stderr","time":84.229538063,"data":"\n"}
,{"stream_name":"stderr","time":84.230127211,"data":"Accessing `is_flash_linear_attention_available` from `.models.prompt_depth_anything.image_processing_pil_prompt_depth_anything`. Returning `is_flash_linear_attention_available` instead. Behavior may be different and this alias will be removed in future versions.\n"}
,{"stream_name":"stderr","time":84.237298415,"data":"Accessing `is_flash_linear_attention_available` from `.models.prompt_depth_anything.image_processing_prompt_depth_anything`. Returning `is_flash_linear_attention_available` instead. Behavior may be different and this alias will be removed in future versions.\n"}
,{"stream_name":"stderr","time":84.237316929,"data":"\n"}
,{"stream_name":"stderr","time":84.237351299,"data":"Accessing `is_flash_linear_attention_available` from `.models.prompt_depth_anything.image_processing_prompt_depth_anything`. Returning `is_flash_linear_attention_available` instead. Behavior may be different and this alias will be removed in future versions.\n"}
,{"stream_name":"stderr","time":84.240755517,"data":"Accessing `is_flash_linear_attention_available` from `.models.pvt.image_processing_pil_pvt`. Returning `is_flash_linear_attention_available` instead. Behavior may be different and this alias will be removed in future versions.\n"}
,{"stream_name":"stderr","time":84.240766514,"data":"\n"}
,{"stream_name":"stderr","time":84.240769426,"data":"Accessing `is_flash_linear_attention_available` from `.models.pvt.image_processing_pil_pvt`. Returning `is_flash_linear_attention_available` instead. Behavior may be different and this alias will be removed in future versions.\n"}
,{"stream_name":"stderr","time":84.243301934,"data":"Accessing `is_flash_linear_attention_available` from `.models.pvt.image_processing_pvt`. Returning `is_flash_linear_attention_available` instead. Behavior may be different and this alias will be removed in future versions.\n"}
,{"stream_name":"stderr","time":84.24331262,"data":"\n"}
,{"stream_name":"stderr","time":84.243315528,"data":"Accessing `is_flash_linear_attention_available` from `.models.pvt.image_processing_pvt`. Returning `is_flash_linear_attention_available` instead. Behavior may be different and this alias will be removed in future versions.\n"}
,{"stream_name":"stderr","time":84.245512626,"data":"Accessing `is_flash_linear_attention_available` from `.models.qwen2_vl.image_processing_pil_qwen2_vl`. Returning `is_flash_linear_attention_available` instead. Behavior may be different and this alias will be removed in future versions.\n"}
,{"stream_name":"stderr","time":84.245527839,"data":"\n"}
,{"stream_name":"stderr","time":84.245546901,"data":"Accessing `is_flash_linear_attention_available` from `.models.qwen2_vl.image_processing_pil_qwen2_vl`. Returning `is_flash_linear_attention_available` instead. Behavior may be different and this alias will be removed in future versions.\n"}
,{"stream_name":"stderr","time":84.26107868,"data":"Accessing `is_flash_linear_attention_available` from `.models.qwen2_vl.image_processing_qwen2_vl`. Returning `is_flash_linear_attention_available` instead. Behavior may be different and this alias will be removed in future versions.\n"}
,{"stream_name":"stderr","time":84.26110199,"data":"\n"}
,{"stream_name":"stderr","time":84.261108778,"data":"Accessing `is_flash_linear_attention_available` from `.models.qwen2_vl.image_processing_qwen2_vl`. Returning `is_flash_linear_attention_available` instead. Behavior may be different and this alias will be removed in future versions.\n"}
,{"stream_name":"stderr","time":84.263873043,"data":"Accessing `is_flash_linear_attention_available` from `.models.rt_detr.image_processing_pil_rt_detr`. Returning `is_flash_linear_attention_available` instead. Behavior may be different and this alias will be removed in future versions.\n"}
,{"stream_name":"stderr","time":84.263896931,"data":"\n"}
,{"stream_name":"stderr","time":84.263900431,"data":"Accessing `is_flash_linear_attention_available` from `.models.rt_detr.image_processing_pil_rt_detr`. Returning `is_flash_linear_attention_available` instead. Behavior may be different and this alias will be removed in future versions.\n"}
,{"stream_name":"stderr","time":84.274300739,"data":"Accessing `is_flash_linear_attention_available` from `.models.rt_detr.image_processing_rt_detr`. Returning `is_flash_linear_attention_available` instead. Behavior may be different and this alias will be removed in future versions.\n"}
,{"stream_name":"stderr","time":84.274323108,"data":"\n"}
,{"stream_name":"stderr","time":84.27434178,"data":"Accessing `is_flash_linear_attention_available` from `.models.rt_detr.image_processing_rt_detr`. Returning `is_flash_linear_attention_available` instead. Behavior may be different and this alias will be removed in future versions.\n"}
,{"stream_name":"stderr","time":84.277725486,"data":"Accessing `is_flash_linear_attention_available` from `.models.sam.image_processing_pil_sam`. Returning `is_flash_linear_attention_available` instead. Behavior may be different and this alias will be removed in future versions.\n"}
,{"stream_name":"stderr","time":84.277750557,"data":"\n"}
,{"stream_name":"stderr","time":84.277754774,"data":"Accessing `is_flash_linear_attention_available` from `.models.sam.image_processing_pil_sam`. Returning `is_flash_linear_attention_available` instead. Behavior may be different and this alias will be removed in future versions.\n"}
,{"stream_name":"stderr","time":84.290140189,"data":"Accessing `is_flash_linear_attention_available` from `.models.sam.image_processing_sam`. Returning `is_flash_linear_attention_available` instead. Behavior may be different and this alias will be removed in future versions.\n"}
,{"stream_name":"stderr","time":84.290169312,"data":"\n"}
,{"stream_name":"stderr","time":84.29017331,"data":"Accessing `is_flash_linear_attention_available` from `.models.sam.image_processing_sam`. Returning `is_flash_linear_attention_available` instead. Behavior may be different and this alias will be removed in future versions.\n"}
,{"stream_name":"stderr","time":84.293030521,"data":"Accessing `is_flash_linear_attention_available` from `.models.sam2.image_processing_sam2`. Returning `is_flash_linear_attention_available` instead. Behavior may be different and this alias will be removed in future versions.\n"}
,{"stream_name":"stderr","time":84.293051253,"data":"\n"}
,{"stream_name":"stderr","time":84.293057292,"data":"Accessing `is_flash_linear_attention_available` from `.models.sam2.image_processing_sam2`. Returning `is_flash_linear_attention_available` instead. Behavior may be different and this alias will be removed in future versions.\n"}
,{"stream_name":"stderr","time":84.306730257,"data":"Accessing `is_flash_linear_attention_available` from `.models.sam3.image_processing_sam3`. Returning `is_flash_linear_attention_available` instead. Behavior may be different and this alias will be removed in future versions.\n"}
,{"stream_name":"stderr","time":84.30675238,"data":"\n"}
,{"stream_name":"stderr","time":84.306757595,"data":"Accessing `is_flash_linear_attention_available` from `.models.sam3.image_processing_sam3`. Returning `is_flash_linear_attention_available` instead. Behavior may be different and this alias will be removed in future versions.\n"}
,{"stream_name":"stderr","time":84.328206879,"data":"Accessing `is_flash_linear_attention_available` from `.models.segformer.image_processing_pil_segformer`. Returning `is_flash_linear_attention_available` instead. Behavior may be different and this alias will be removed in future versions.\n"}
,{"stream_name":"stderr","time":84.328233989,"data":"\n"}
,{"stream_name":"stderr","time":84.328244843,"data":"Accessing `is_flash_linear_attention_available` from `.models.segformer.image_processing_pil_segformer`. Returning `is_flash_linear_attention_available` instead. Behavior may be different and this alias will be removed in future versions.\n"}
,{"stream_name":"stderr","time":84.334356736,"data":"Accessing `is_flash_linear_attention_available` from `.models.segformer.image_processing_segformer`. Returning `is_flash_linear_attention_available` instead. Behavior may be different and this alias will be removed in future versions.\n"}
,{"stream_name":"stderr","time":84.334382479,"data":"\n"}
,{"stream_name":"stderr","time":84.334386871,"data":"Accessing `is_flash_linear_attention_available` from `.models.segformer.image_processing_segformer`. Returning `is_flash_linear_attention_available` instead. Behavior may be different and this alias will be removed in future versions.\n"}
,{"stream_name":"stderr","time":84.337338256,"data":"Accessing `is_flash_linear_attention_available` from `.models.seggpt.image_processing_pil_seggpt`. Returning `is_flash_linear_attention_available` instead. Behavior may be different and this alias will be removed in future versions.\n"}
,{"stream_name":"stderr","time":84.337357786,"data":"\n"}
,{"stream_name":"stderr","time":84.337362666,"data":"Accessing `is_flash_linear_attention_available` from `.models.seggpt.image_processing_pil_seggpt`. Returning `is_flash_linear_attention_available` instead. Behavior may be different and this alias will be removed in future versions.\n"}
,{"stream_name":"stderr","time":84.343949541,"data":"Accessing `is_flash_linear_attention_available` from `.models.seggpt.image_processing_seggpt`. Returning `is_flash_linear_attention_available` instead. Behavior may be different and this alias will be removed in future versions.\n"}
,{"stream_name":"stderr","time":84.34396825,"data":"\n"}
,{"stream_name":"stderr","time":84.343978777,"data":"Accessing `is_flash_linear_attention_available` from `.models.seggpt.image_processing_seggpt`. Returning `is_flash_linear_attention_available` instead. Behavior may be different and this alias will be removed in future versions.\n"}
,{"stream_name":"stderr","time":84.347071223,"data":"Accessing `is_flash_linear_attention_available` from `.models.siglip.image_processing_pil_siglip`. Returning `is_flash_linear_attention_available` instead. Behavior may be different and this alias will be removed in future versions.\n"}
,{"stream_name":"stderr","time":84.347092064,"data":"\n"}
,{"stream_name":"stderr","time":84.347110216,"data":"Accessing `is_flash_linear_attention_available` from `.models.siglip.image_processing_pil_siglip`. Returning `is_flash_linear_attention_available` instead. Behavior may be different and this alias will be removed in future versions.\n"}
,{"stream_name":"stderr","time":84.348494821,"data":"Accessing `is_flash_linear_attention_available` from `.models.siglip.image_processing_siglip`. Returning `is_flash_linear_attention_available` instead. Behavior may be different and this alias will be removed in future versions.\n"}
,{"stream_name":"stderr","time":84.348513094,"data":"\n"}
,{"stream_name":"stderr","time":84.3485178,"data":"Accessing `is_flash_linear_attention_available` from `.models.siglip.image_processing_siglip`. Returning `is_flash_linear_attention_available` instead. Behavior may be different and this alias will be removed in future versions.\n"}
,{"stream_name":"stderr","time":84.350237536,"data":"Accessing `is_flash_linear_attention_available` from `.models.siglip2.image_processing_pil_siglip2`. Returning `is_flash_linear_attention_available` instead. Behavior may be different and this alias will be removed in future versions.\n"}
,{"stream_name":"stderr","time":84.350255703,"data":"\n"}
,{"stream_name":"stderr","time":84.350261206,"data":"Accessing `is_flash_linear_attention_available` from `.models.siglip2.image_processing_pil_siglip2`. Returning `is_flash_linear_attention_available` instead. Behavior may be different and this alias will be removed in future versions.\n"}
,{"stream_name":"stderr","time":84.359157812,"data":"Accessing `is_flash_linear_attention_available` from `.models.siglip2.image_processing_siglip2`. Returning `is_flash_linear_attention_available` instead. Behavior may be different and this alias will be removed in future versions.\n"}
,{"stream_name":"stderr","time":84.35917696,"data":"\n"}
,{"stream_name":"stderr","time":84.359181809,"data":"Accessing `is_flash_linear_attention_available` from `.models.siglip2.image_processing_siglip2`. Returning `is_flash_linear_attention_available` instead. Behavior may be different and this alias will be removed in future versions.\n"}
,{"stream_name":"stderr","time":84.361657179,"data":"Accessing `is_flash_linear_attention_available` from `.models.slanext.image_processing_slanext`. Returning `is_flash_linear_attention_available` instead. Behavior may be different and this alias will be removed in future versions.\n"}
,{"stream_name":"stderr","time":84.361675384,"data":"\n"}
,{"stream_name":"stderr","time":84.361680106,"data":"Accessing `is_flash_linear_attention_available` from `.models.slanext.image_processing_slanext`. Returning `is_flash_linear_attention_available` instead. Behavior may be different and this alias will be removed in future versions.\n"}
,{"stream_name":"stderr","time":84.364767517,"data":"Accessing `is_flash_linear_attention_available` from `.models.smolvlm.image_processing_pil_smolvlm`. Returning `is_flash_linear_attention_available` instead. Behavior may be different and this alias will be removed in future versions.\n"}
,{"stream_name":"stderr","time":84.364786822,"data":"\n"}
,{"stream_name":"stderr","time":84.364791838,"data":"Accessing `is_flash_linear_attention_available` from `.models.smolvlm.image_processing_pil_smolvlm`. Returning `is_flash_linear_attention_available` instead. Behavior may be different and this alias will be removed in future versions.\n"}
,{"stream_name":"stderr","time":84.372814661,"data":"Accessing `is_flash_linear_attention_available` from `.models.smolvlm.image_processing_smolvlm`. Returning `is_flash_linear_attention_available` instead. Behavior may be different and this alias will be removed in future versions.\n"}
,{"stream_name":"stderr","time":84.372869375,"data":"\n"}
,{"stream_name":"stderr","time":84.372891105,"data":"Accessing `is_flash_linear_attention_available` from `.models.smolvlm.image_processing_smolvlm`. Returning `is_flash_linear_attention_available` instead. Behavior may be different and this alias will be removed in future versions.\n"}
,{"stream_name":"stderr","time":84.376932519,"data":"Accessing `is_flash_linear_attention_available` from `.models.superglue.image_processing_pil_superglue`. Returning `is_flash_linear_attention_available` instead. Behavior may be different and this alias will be removed in future versions.\n"}
,{"stream_name":"stderr","time":84.376952468,"data":"\n"}
,{"stream_name":"stderr","time":84.376958711,"data":"Accessing `is_flash_linear_attention_available` from `.models.superglue.image_processing_pil_superglue`. Returning `is_flash_linear_attention_available` instead. Behavior may be different and this alias will be removed in future versions.\n"}
,{"stream_name":"stderr","time":84.382857619,"data":"Accessing `is_flash_linear_attention_available` from `.models.superglue.image_processing_superglue`. Returning `is_flash_linear_attention_available` instead. Behavior may be different and this alias will be removed in future versions.\n"}
,{"stream_name":"stderr","time":84.382879473,"data":"\n"}
,{"stream_name":"stderr","time":84.382883117,"data":"Accessing `is_flash_linear_attention_available` from `.models.superglue.image_processing_superglue`. Returning `is_flash_linear_attention_available` instead. Behavior may be different and this alias will be removed in future versions.\n"}
,{"stream_name":"stderr","time":84.385398645,"data":"Accessing `is_flash_linear_attention_available` from `.models.superpoint.image_processing_pil_superpoint`. Returning `is_flash_linear_attention_available` instead. Behavior may be different and this alias will be removed in future versions.\n"}
,{"stream_name":"stderr","time":84.385418005,"data":"\n"}
,{"stream_name":"stderr","time":84.385422886,"data":"Accessing `is_flash_linear_attention_available` from `.models.superpoint.image_processing_pil_superpoint`. Returning `is_flash_linear_attention_available` instead. Behavior may be different and this alias will be removed in future versions.\n"}
,{"stream_name":"stderr","time":84.387554887,"data":"Accessing `is_flash_linear_attention_available` from `.models.superpoint.image_processing_superpoint`. Returning `is_flash_linear_attention_available` instead. Behavior may be different and this alias will be removed in future versions.\n"}
,{"stream_name":"stderr","time":84.387573258,"data":"\n"}
,{"stream_name":"stderr","time":84.387577922,"data":"Accessing `is_flash_linear_attention_available` from `.models.superpoint.image_processing_superpoint`. Returning `is_flash_linear_attention_available` instead. Behavior may be different and this alias will be removed in future versions.\n"}
,{"stream_name":"stderr","time":84.389507581,"data":"Accessing `is_flash_linear_attention_available` from `.models.swin2sr.image_processing_pil_swin2sr`. Returning `is_flash_linear_attention_available` instead. Behavior may be different and this alias will be removed in future versions.\n"}
,{"stream_name":"stderr","time":84.389525962,"data":"\n"}
,{"stream_name":"stderr","time":84.38953072300001,"data":"Accessing `is_flash_linear_attention_available` from `.models.swin2sr.image_processing_pil_swin2sr`. Returning `is_flash_linear_attention_available` instead. Behavior may be different and this alias will be removed in future versions.\n"}
,{"stream_name":"stderr","time":84.395420742,"data":"Accessing `is_flash_linear_attention_available` from `.models.swin2sr.image_processing_swin2sr`. Returning `is_flash_linear_attention_available` instead. Behavior may be different and this alias will be removed in future versions.\n"}
,{"stream_name":"stderr","time":84.39544202,"data":"\n"}
,{"stream_name":"stderr","time":84.395450175,"data":"Accessing `is_flash_linear_attention_available` from `.models.swin2sr.image_processing_swin2sr`. Returning `is_flash_linear_attention_available` instead. Behavior may be different and this alias will be removed in future versions.\n"}
,{"stream_name":"stderr","time":84.398037304,"data":"Accessing `is_flash_linear_attention_available` from `.models.textnet.image_processing_pil_textnet`. Returning `is_flash_linear_attention_available` instead. Behavior may be different and this alias will be removed in future versions.\n"}
,{"stream_name":"stderr","time":84.398056405,"data":"\n"}
,{"stream_name":"stderr","time":84.398062059,"data":"Accessing `is_flash_linear_attention_available` from `.models.textnet.image_processing_pil_textnet`. Returning `is_flash_linear_attention_available` instead. Behavior may be different and this alias will be removed in future versions.\n"}
,{"stream_name":"stderr","time":84.403892793,"data":"Accessing `is_flash_linear_attention_available` from `.models.textnet.image_processing_textnet`. Returning `is_flash_linear_attention_available` instead. Behavior may be different and this alias will be removed in future versions.\n"}
,{"stream_name":"stderr","time":84.403911937,"data":"\n"}
,{"stream_name":"stderr","time":84.40392153,"data":"Accessing `is_flash_linear_attention_available` from `.models.textnet.image_processing_textnet`. Returning `is_flash_linear_attention_available` instead. Behavior may be different and this alias will be removed in future versions.\n"}
,{"stream_name":"stderr","time":84.406401419,"data":"Accessing `is_flash_linear_attention_available` from `.models.timm_wrapper.image_processing_timm_wrapper`. Returning `is_flash_linear_attention_available` instead. Behavior may be different and this alias will be removed in future versions.\n"}
,{"stream_name":"stderr","time":84.406430156,"data":"\n"}
,{"stream_name":"stderr","time":84.406434142,"data":"Accessing `is_flash_linear_attention_available` from `.models.timm_wrapper.image_processing_timm_wrapper`. Returning `is_flash_linear_attention_available` instead. Behavior may be different and this alias will be removed in future versions.\n"}
,{"stream_name":"stderr","time":84.407947053,"data":"Accessing `is_flash_linear_attention_available` from `.models.tvp.image_processing_pil_tvp`. Returning `is_flash_linear_attention_available` instead. Behavior may be different and this alias will be removed in future versions.\n"}
,{"stream_name":"stderr","time":84.40796403,"data":"\n"}
,{"stream_name":"stderr","time":84.407968807,"data":"Accessing `is_flash_linear_attention_available` from `.models.tvp.image_processing_pil_tvp`. Returning `is_flash_linear_attention_available` instead. Behavior may be different and this alias will be removed in future versions.\n"}
,{"stream_name":"stderr","time":84.414855302,"data":"Accessing `is_flash_linear_attention_available` from `.models.tvp.image_processing_tvp`. Returning `is_flash_linear_attention_available` instead. Behavior may be different and this alias will be removed in future versions.\n"}
,{"stream_name":"stderr","time":84.414873149,"data":"\n"}
,{"stream_name":"stderr","time":84.41487967,"data":"Accessing `is_flash_linear_attention_available` from `.models.tvp.image_processing_tvp`. Returning `is_flash_linear_attention_available` instead. Behavior may be different and this alias will be removed in future versions.\n"}
,{"stream_name":"stderr","time":84.417859506,"data":"Accessing `is_flash_linear_attention_available` from `.models.uvdoc.image_processing_uvdoc`. Returning `is_flash_linear_attention_available` instead. Behavior may be different and this alias will be removed in future versions.\n"}
,{"stream_name":"stderr","time":84.417877995,"data":"\n"}
,{"stream_name":"stderr","time":84.417882947,"data":"Accessing `is_flash_linear_attention_available` from `.models.uvdoc.image_processing_uvdoc`. Returning `is_flash_linear_attention_available` instead. Behavior may be different and this alias will be removed in future versions.\n"}
,{"stream_name":"stderr","time":84.420637545,"data":"Accessing `is_flash_linear_attention_available` from `.models.video_llama_3.image_processing_pil_video_llama_3`. Returning `is_flash_linear_attention_available` instead. Behavior may be different and this alias will be removed in future versions.\n"}
,{"stream_name":"stderr","time":84.420656629,"data":"\n"}
,{"stream_name":"stderr","time":84.420662164,"data":"Accessing `is_flash_linear_attention_available` from `.models.video_llama_3.image_processing_pil_video_llama_3`. Returning `is_flash_linear_attention_available` instead. Behavior may be different and this alias will be removed in future versions.\n"}
,{"stream_name":"stderr","time":84.431282651,"data":"Accessing `is_flash_linear_attention_available` from `.models.video_llama_3.image_processing_video_llama_3`. Returning `is_flash_linear_attention_available` instead. Behavior may be different and this alias will be removed in future versions.\n"}
,{"stream_name":"stderr","time":84.431306037,"data":"\n"}
,{"stream_name":"stderr","time":84.431316897,"data":"Accessing `is_flash_linear_attention_available` from `.models.video_llama_3.image_processing_video_llama_3`. Returning `is_flash_linear_attention_available` instead. Behavior may be different and this alias will be removed in future versions.\n"}
,{"stream_name":"stderr","time":84.433897449,"data":"Accessing `is_flash_linear_attention_available` from `.models.video_llava.image_processing_video_llava`. Returning `is_flash_linear_attention_available` instead. Behavior may be different and this alias will be removed in future versions.\n"}
,{"stream_name":"stderr","time":84.433917815,"data":"\n"}
,{"stream_name":"stderr","time":84.433923455,"data":"Accessing `is_flash_linear_attention_available` from `.models.video_llava.image_processing_video_llava`. Returning `is_flash_linear_attention_available` instead. Behavior may be different and this alias will be removed in future versions.\n"}
,{"stream_name":"stderr","time":84.436694877,"data":"Accessing `is_flash_linear_attention_available` from `.models.videomae.image_processing_pil_videomae`. Returning `is_flash_linear_attention_available` instead. Behavior may be different and this alias will be removed in future versions.\n"}
,{"stream_name":"stderr","time":84.43671464,"data":"\n"}
,{"stream_name":"stderr","time":84.436722805,"data":"Accessing `is_flash_linear_attention_available` from `.models.videomae.image_processing_pil_videomae`. Returning `is_flash_linear_attention_available` instead. Behavior may be different and this alias will be removed in future versions.\n"}
,{"stream_name":"stderr","time":84.443337599,"data":"Accessing `is_flash_linear_attention_available` from `.models.videomae.image_processing_videomae`. Returning `is_flash_linear_attention_available` instead. Behavior may be different and this alias will be removed in future versions.\n"}
,{"stream_name":"stderr","time":84.443358341,"data":"\n"}
,{"stream_name":"stderr","time":84.443363465,"data":"Accessing `is_flash_linear_attention_available` from `.models.videomae.image_processing_videomae`. Returning `is_flash_linear_attention_available` instead. Behavior may be different and this alias will be removed in future versions.\n"}
,{"stream_name":"stderr","time":84.446162607,"data":"Accessing `is_flash_linear_attention_available` from `.models.vilt.image_processing_pil_vilt`. Returning `is_flash_linear_attention_available` instead. Behavior may be different and this alias will be removed in future versions.\n"}
,{"stream_name":"stderr","time":84.446182414,"data":"\n"}
,{"stream_name":"stderr","time":84.446187182,"data":"Accessing `is_flash_linear_attention_available` from `.models.vilt.image_processing_pil_vilt`. Returning `is_flash_linear_attention_available` instead. Behavior may be different and this alias will be removed in future versions.\n"}
,{"stream_name":"stderr","time":84.449681674,"data":"Accessing `is_flash_linear_attention_available` from `.models.vilt.image_processing_vilt`. Returning `is_flash_linear_attention_available` instead. Behavior may be different and this alias will be removed in future versions.\n"}
,{"stream_name":"stderr","time":84.449701399,"data":"\n"}
,{"stream_name":"stderr","time":84.449706624,"data":"Accessing `is_flash_linear_attention_available` from `.models.vilt.image_processing_vilt`. Returning `is_flash_linear_attention_available` instead. Behavior may be different and this alias will be removed in future versions.\n"}
,{"stream_name":"stderr","time":84.451672622,"data":"Accessing `is_flash_linear_attention_available` from `.models.vit.image_processing_pil_vit`. Returning `is_flash_linear_attention_available` instead. Behavior may be different and this alias will be removed in future versions.\n"}
,{"stream_name":"stderr","time":84.451690767,"data":"\n"}
,{"stream_name":"stderr","time":84.451695449,"data":"Accessing `is_flash_linear_attention_available` from `.models.vit.image_processing_pil_vit`. Returning `is_flash_linear_attention_available` instead. Behavior may be different and this alias will be removed in future versions.\n"}
,{"stream_name":"stderr","time":84.454123341,"data":"Accessing `is_flash_linear_attention_available` from `.models.vit.image_processing_vit`. Returning `is_flash_linear_attention_available` instead. Behavior may be different and this alias will be removed in future versions.\n"}
,{"stream_name":"stderr","time":84.454143537,"data":"\n"}
,{"stream_name":"stderr","time":84.454148535,"data":"Accessing `is_flash_linear_attention_available` from `.models.vit.image_processing_vit`. Returning `is_flash_linear_attention_available` instead. Behavior may be different and this alias will be removed in future versions.\n"}
,{"stream_name":"stderr","time":84.455373133,"data":"Accessing `is_flash_linear_attention_available` from `.models.vitmatte.image_processing_pil_vitmatte`. Returning `is_flash_linear_attention_available` instead. Behavior may be different and this alias will be removed in future versions.\n"}
,{"stream_name":"stderr","time":84.455392692,"data":"\n"}
,{"stream_name":"stderr","time":84.455398235,"data":"Accessing `is_flash_linear_attention_available` from `.models.vitmatte.image_processing_pil_vitmatte`. Returning `is_flash_linear_attention_available` instead. Behavior may be different and this alias will be removed in future versions.\n"}
,{"stream_name":"stderr","time":84.461148499,"data":"Accessing `is_flash_linear_attention_available` from `.models.vitmatte.image_processing_vitmatte`. Returning `is_flash_linear_attention_available` instead. Behavior may be different and this alias will be removed in future versions.\n"}
,{"stream_name":"stderr","time":84.461167107,"data":"\n"}
,{"stream_name":"stderr","time":84.46117204,"data":"Accessing `is_flash_linear_attention_available` from `.models.vitmatte.image_processing_vitmatte`. Returning `is_flash_linear_attention_available` instead. Behavior may be different and this alias will be removed in future versions.\n"}
,{"stream_name":"stderr","time":84.463910851,"data":"Accessing `is_flash_linear_attention_available` from `.models.vitpose.image_processing_pil_vitpose`. Returning `is_flash_linear_attention_available` instead. Behavior may be different and this alias will be removed in future versions.\n"}
,{"stream_name":"stderr","time":84.463928424,"data":"\n"}
,{"stream_name":"stderr","time":84.463932965,"data":"Accessing `is_flash_linear_attention_available` from `.models.vitpose.image_processing_pil_vitpose`. Returning `is_flash_linear_attention_available` instead. Behavior may be different and this alias will be removed in future versions.\n"}
,{"stream_name":"stderr","time":84.469687374,"data":"Accessing `is_flash_linear_attention_available` from `.models.vitpose.image_processing_vitpose`. Returning `is_flash_linear_attention_available` instead. Behavior may be different and this alias will be removed in future versions.\n"}
,{"stream_name":"stderr","time":84.469706215,"data":"\n"}
,{"stream_name":"stderr","time":84.469710745,"data":"Accessing `is_flash_linear_attention_available` from `.models.vitpose.image_processing_vitpose`. Returning `is_flash_linear_attention_available` instead. Behavior may be different and this alias will be removed in future versions.\n"}
,{"stream_name":"stderr","time":84.472770327,"data":"Accessing `is_flash_linear_attention_available` from `.models.vivit.image_processing_vivit`. Returning `is_flash_linear_attention_available` instead. Behavior may be different and this alias will be removed in future versions.\n"}
,{"stream_name":"stderr","time":84.47278704,"data":"\n"}
,{"stream_name":"stderr","time":84.472791183,"data":"Accessing `is_flash_linear_attention_available` from `.models.vivit.image_processing_vivit`. Returning `is_flash_linear_attention_available` instead. Behavior may be different and this alias will be removed in future versions.\n"}
,{"stream_name":"stderr","time":84.475488353,"data":"Accessing `is_flash_linear_attention_available` from `.models.yolos.image_processing_pil_yolos`. Returning `is_flash_linear_attention_available` instead. Behavior may be different and this alias will be removed in future versions.\n"}
,{"stream_name":"stderr","time":84.475506217,"data":"\n"}
,{"stream_name":"stderr","time":84.475510772,"data":"Accessing `is_flash_linear_attention_available` from `.models.yolos.image_processing_pil_yolos`. Returning `is_flash_linear_attention_available` instead. Behavior may be different and this alias will be removed in future versions.\n"}
,{"stream_name":"stderr","time":84.483314147,"data":"Accessing `is_flash_linear_attention_available` from `.models.yolos.image_processing_yolos`. Returning `is_flash_linear_attention_available` instead. Behavior may be different and this alias will be removed in future versions.\n"}
,{"stream_name":"stderr","time":84.483358305,"data":"\n"}
,{"stream_name":"stderr","time":84.483364185,"data":"Accessing `is_flash_linear_attention_available` from `.models.yolos.image_processing_yolos`. Returning `is_flash_linear_attention_available` instead. Behavior may be different and this alias will be removed in future versions.\n"}
,{"stream_name":"stderr","time":84.486644598,"data":"Accessing `is_flash_linear_attention_available` from `.models.zoedepth.image_processing_pil_zoedepth`. Returning `is_flash_linear_attention_available` instead. Behavior may be different and this alias will be removed in future versions.\n"}
,{"stream_name":"stderr","time":84.486662197,"data":"\n"}
,{"stream_name":"stderr","time":84.486670527,"data":"Accessing `is_flash_linear_attention_available` from `.models.zoedepth.image_processing_pil_zoedepth`. Returning `is_flash_linear_attention_available` instead. Behavior may be different and this alias will be removed in future versions.\n"}
,{"stream_name":"stderr","time":84.495893527,"data":"Accessing `is_flash_linear_attention_available` from `.models.zoedepth.image_processing_zoedepth`. Returning `is_flash_linear_attention_available` instead. Behavior may be different and this alias will be removed in future versions.\n"}
,{"stream_name":"stderr","time":84.49591256,"data":"\n"}
,{"stream_name":"stderr","time":84.495917681,"data":"Accessing `is_flash_linear_attention_available` from `.models.zoedepth.image_processing_zoedepth`. Returning `is_flash_linear_attention_available` instead. Behavior may be different and this alias will be removed in future versions.\n"}
,{"stream_name":"stderr","time":91.145276466,"data":"Accessing `is_flash_linear_attention_available` from `.models.aria.image_processing_aria`. Returning `is_flash_linear_attention_available` instead. Behavior may be different and this alias will be removed in future versions.\n"}
,{"stream_name":"stderr","time":91.145306941,"data":"\n"}
,{"stream_name":"stderr","time":91.145959386,"data":"Accessing `is_flash_linear_attention_available` from `.models.aria.image_processing_aria`. Returning `is_flash_linear_attention_available` instead. Behavior may be different and this alias will be removed in future versions.\n"}
,{"stream_name":"stderr","time":91.146874515,"data":"Accessing `is_flash_linear_attention_available` from `.models.aria.image_processing_pil_aria`. Returning `is_flash_linear_attention_available` instead. Behavior may be different and this alias will be removed in future versions.\n"}
,{"stream_name":"stderr","time":91.146892789,"data":"\n"}
,{"stream_name":"stderr","time":91.146897863,"data":"Accessing `is_flash_linear_attention_available` from `.models.aria.image_processing_pil_aria`. Returning `is_flash_linear_attention_available` instead. Behavior may be different and this alias will be removed in future versions.\n"}
,{"stream_name":"stderr","time":91.148112292,"data":"Accessing `is_flash_linear_attention_available` from `.models.auto.image_processing_auto`. Returning `is_flash_linear_attention_available` instead. Behavior may be different and this alias will be removed in future versions.\n"}
,{"stream_name":"stderr","time":91.14814464,"data":"\n"}
,{"stream_name":"stderr","time":91.148168242,"data":"Accessing `is_flash_linear_attention_available` from `.models.auto.image_processing_auto`. Returning `is_flash_linear_attention_available` instead. Behavior may be different and this alias will be removed in future versions.\n"}
,{"stream_name":"stderr","time":91.149310246,"data":"Accessing `is_flash_linear_attention_available` from `.models.beit.image_processing_beit`. Returning `is_flash_linear_attention_available` instead. Behavior may be different and this alias will be removed in future versions.\n"}
,{"stream_name":"stderr","time":91.149341545,"data":"\n"}
,{"stream_name":"stderr","time":91.149347606,"data":"Accessing `is_flash_linear_attention_available` from `.models.beit.image_processing_beit`. Returning `is_flash_linear_attention_available` instead. Behavior may be different and this alias will be removed in future versions.\n"}
,{"stream_name":"stderr","time":91.150576828,"data":"Accessing `is_flash_linear_attention_available` from `.models.beit.image_processing_pil_beit`. Returning `is_flash_linear_attention_available` instead. Behavior may be different and this alias will be removed in future versions.\n"}
,{"stream_name":"stderr","time":91.150597011,"data":"\n"}
,{"stream_name":"stderr","time":91.150601825,"data":"Accessing `is_flash_linear_attention_available` from `.models.beit.image_processing_pil_beit`. Returning `is_flash_linear_attention_available` instead. Behavior may be different and this alias will be removed in future versions.\n"}
,{"stream_name":"stderr","time":91.151563284,"data":"Accessing `is_flash_linear_attention_available` from `.models.bit.image_processing_bit`. Returning `is_flash_linear_attention_available` instead. Behavior may be different and this alias will be removed in future versions.\n"}
,{"stream_name":"stderr","time":91.151582118,"data":"\n"}
,{"stream_name":"stderr","time":91.151587144,"data":"Accessing `is_flash_linear_attention_available` from `.models.bit.image_processing_bit`. Returning `is_flash_linear_attention_available` instead. Behavior may be different and this alias will be removed in future versions.\n"}
,{"stream_name":"stderr","time":91.152731532,"data":"Accessing `is_flash_linear_attention_available` from `.models.bit.image_processing_pil_bit`. Returning `is_flash_linear_attention_available` instead. Behavior may be different and this alias will be removed in future versions.\n"}
,{"stream_name":"stderr","time":91.152768485,"data":"\n"}
,{"stream_name":"stderr","time":91.152773777,"data":"Accessing `is_flash_linear_attention_available` from `.models.bit.image_processing_pil_bit`. Returning `is_flash_linear_attention_available` instead. Behavior may be different and this alias will be removed in future versions.\n"}
,{"stream_name":"stderr","time":91.153896852,"data":"Accessing `is_flash_linear_attention_available` from `.models.blip.image_processing_blip`. Returning `is_flash_linear_attention_available` instead. Behavior may be different and this alias will be removed in future versions.\n"}
,{"stream_name":"stderr","time":91.153917594,"data":"\n"}
,{"stream_name":"stderr","time":91.153922667,"data":"Accessing `is_flash_linear_attention_available` from `.models.blip.image_processing_blip`. Returning `is_flash_linear_attention_available` instead. Behavior may be different and this alias will be removed in future versions.\n"}
,{"stream_name":"stderr","time":91.155020425,"data":"Accessing `is_flash_linear_attention_available` from `.models.blip.image_processing_pil_blip`. Returning `is_flash_linear_attention_available` instead. Behavior may be different and this alias will be removed in future versions.\n"}
,{"stream_name":"stderr","time":91.155039511,"data":"\n"}
,{"stream_name":"stderr","time":91.155044353,"data":"Accessing `is_flash_linear_attention_available` from `.models.blip.image_processing_pil_blip`. Returning `is_flash_linear_attention_available` instead. Behavior may be different and this alias will be removed in future versions.\n"}
,{"stream_name":"stderr","time":91.15615183,"data":"Accessing `is_flash_linear_attention_available` from `.models.bridgetower.image_processing_bridgetower`. Returning `is_flash_linear_attention_available` instead. Behavior may be different and this alias will be removed in future versions.\n"}
,{"stream_name":"stderr","time":91.156181115,"data":"\n"}
,{"stream_name":"stderr","time":91.156186865,"data":"Accessing `is_flash_linear_attention_available` from `.models.bridgetower.image_processing_bridgetower`. Returning `is_flash_linear_attention_available` instead. Behavior may be different and this alias will be removed in future versions.\n"}
,{"stream_name":"stderr","time":91.157506944,"data":"Accessing `is_flash_linear_attention_available` from `.models.bridgetower.image_processing_pil_bridgetower`. Returning `is_flash_linear_attention_available` instead. Behavior may be different and this alias will be removed in future versions.\n"}
,{"stream_name":"stderr","time":91.157525404,"data":"\n"}
,{"stream_name":"stderr","time":91.157530904,"data":"Accessing `is_flash_linear_attention_available` from `.models.bridgetower.image_processing_pil_bridgetower`. Returning `is_flash_linear_attention_available` instead. Behavior may be different and this alias will be removed in future versions.\n"}
,{"stream_name":"stderr","time":91.158510765,"data":"Accessing `is_flash_linear_attention_available` from `.models.chameleon.image_processing_chameleon`. Returning `is_flash_linear_attention_available` instead. Behavior may be different and this alias will be removed in future versions.\n"}
,{"stream_name":"stderr","time":91.158549104,"data":"\n"}
,{"stream_name":"stderr","time":91.158555107,"data":"Accessing `is_flash_linear_attention_available` from `.models.chameleon.image_processing_chameleon`. Returning `is_flash_linear_attention_available` instead. Behavior may be different and this alias will be removed in future versions.\n"}
,{"stream_name":"stderr","time":91.159663887,"data":"Accessing `is_flash_linear_attention_available` from `.models.chameleon.image_processing_pil_chameleon`. Returning `is_flash_linear_attention_available` instead. Behavior may be different and this alias will be removed in future versions.\n"}
,{"stream_name":"stderr","time":91.159682313,"data":"\n"}
,{"stream_name":"stderr","time":91.159687165,"data":"Accessing `is_flash_linear_attention_available` from `.models.chameleon.image_processing_pil_chameleon`. Returning `is_flash_linear_attention_available` instead. Behavior may be different and this alias will be removed in future versions.\n"}
,{"stream_name":"stderr","time":91.160550353,"data":"Accessing `is_flash_linear_attention_available` from `.models.chinese_clip.image_processing_chinese_clip`. Returning `is_flash_linear_attention_available` instead. Behavior may be different and this alias will be removed in future versions.\n"}
,{"stream_name":"stderr","time":91.160568274,"data":"\n"}
,{"stream_name":"stderr","time":91.16087179,"data":"Accessing `is_flash_linear_attention_available` from `.models.chinese_clip.image_processing_chinese_clip`. Returning `is_flash_linear_attention_available` instead. Behavior may be different and this alias will be removed in future versions.\n"}
,{"stream_name":"stderr","time":91.16163266,"data":"Accessing `is_flash_linear_attention_available` from `.models.chinese_clip.image_processing_chinese_pil_clip`. Returning `is_flash_linear_attention_available` instead. Behavior may be different and this alias will be removed in future versions.\n"}
,{"stream_name":"stderr","time":91.161644732,"data":"\n"}
,{"stream_name":"stderr","time":91.161649052,"data":"Accessing `is_flash_linear_attention_available` from `.models.chinese_clip.image_processing_chinese_pil_clip`. Returning `is_flash_linear_attention_available` instead. Behavior may be different and this alias will be removed in future versions.\n"}
,{"stream_name":"stderr","time":91.162561165,"data":"Accessing `is_flash_linear_attention_available` from `.models.chmv2.image_processing_chmv2`. Returning `is_flash_linear_attention_available` instead. Behavior may be different and this alias will be removed in future versions.\n"}
,{"stream_name":"stderr","time":91.162588086,"data":"\n"}
,{"stream_name":"stderr","time":91.162593623,"data":"Accessing `is_flash_linear_attention_available` from `.models.chmv2.image_processing_chmv2`. Returning `is_flash_linear_attention_available` instead. Behavior may be different and this alias will be removed in future versions.\n"}
,{"stream_name":"stderr","time":91.163669664,"data":"Accessing `is_flash_linear_attention_available` from `.models.clip.image_processing_clip`. Returning `is_flash_linear_attention_available` instead. Behavior may be different and this alias will be removed in future versions.\n"}
,{"stream_name":"stderr","time":91.163687981,"data":"\n"}
,{"stream_name":"stderr","time":91.163692908,"data":"Accessing `is_flash_linear_attention_available` from `.models.clip.image_processing_clip`. Returning `is_flash_linear_attention_available` instead. Behavior may be different and this alias will be removed in future versions.\n"}
,{"stream_name":"stderr","time":91.164845198,"data":"Accessing `is_flash_linear_attention_available` from `.models.clip.image_processing_pil_clip`. Returning `is_flash_linear_attention_available` instead. Behavior may be different and this alias will be removed in future versions.\n"}
,{"stream_name":"stderr","time":91.164863462,"data":"\n"}
,{"stream_name":"stderr","time":91.164868811,"data":"Accessing `is_flash_linear_attention_available` from `.models.clip.image_processing_pil_clip`. Returning `is_flash_linear_attention_available` instead. Behavior may be different and this alias will be removed in future versions.\n"}
,{"stream_name":"stderr","time":91.165912526,"data":"Accessing `is_flash_linear_attention_available` from `.models.cohere2_vision.image_processing_cohere2_vision`. Returning `is_flash_linear_attention_available` instead. Behavior may be different and this alias will be removed in future versions.\n"}
,{"stream_name":"stderr","time":91.165930534,"data":"\n"}
,{"stream_name":"stderr","time":91.165935267,"data":"Accessing `is_flash_linear_attention_available` from `.models.cohere2_vision.image_processing_cohere2_vision`. Returning `is_flash_linear_attention_available` instead. Behavior may be different and this alias will be removed in future versions.\n"}
,{"stream_name":"stderr","time":91.167070882,"data":"Accessing `is_flash_linear_attention_available` from `.models.conditional_detr.image_processing_conditional_detr`. Returning `is_flash_linear_attention_available` instead. Behavior may be different and this alias will be removed in future versions.\n"}
,{"stream_name":"stderr","time":91.167089013,"data":"\n"}
,{"stream_name":"stderr","time":91.167094318,"data":"Accessing `is_flash_linear_attention_available` from `.models.conditional_detr.image_processing_conditional_detr`. Returning `is_flash_linear_attention_available` instead. Behavior may be different and this alias will be removed in future versions.\n"}
,{"stream_name":"stderr","time":91.168228927,"data":"Accessing `is_flash_linear_attention_available` from `.models.conditional_detr.image_processing_pil_conditional_detr`. Returning `is_flash_linear_attention_available` instead. Behavior may be different and this alias will be removed in future versions.\n"}
,{"stream_name":"stderr","time":91.168249476,"data":"\n"}
,{"stream_name":"stderr","time":91.168253872,"data":"Accessing `is_flash_linear_attention_available` from `.models.conditional_detr.image_processing_pil_conditional_detr`. Returning `is_flash_linear_attention_available` instead. Behavior may be different and this alias will be removed in future versions.\n"}
,{"stream_name":"stderr","time":91.169320154,"data":"Accessing `is_flash_linear_attention_available` from `.models.convnext.image_processing_convnext`. Returning `is_flash_linear_attention_available` instead. Behavior may be different and this alias will be removed in future versions.\n"}
,{"stream_name":"stderr","time":91.169346296,"data":"\n"}
,{"stream_name":"stderr","time":91.169351424,"data":"Accessing `is_flash_linear_attention_available` from `.models.convnext.image_processing_convnext`. Returning `is_flash_linear_attention_available` instead. Behavior may be different and this alias will be removed in future versions.\n"}
,{"stream_name":"stderr","time":91.170593178,"data":"Accessing `is_flash_linear_attention_available` from `.models.convnext.image_processing_pil_convnext`. Returning `is_flash_linear_attention_available` instead. Behavior may be different and this alias will be removed in future versions.\n"}
,{"stream_name":"stderr","time":91.17061115,"data":"\n"}
,{"stream_name":"stderr","time":91.170615685,"data":"Accessing `is_flash_linear_attention_available` from `.models.convnext.image_processing_pil_convnext`. Returning `is_flash_linear_attention_available` instead. Behavior may be different and this alias will be removed in future versions.\n"}
,{"stream_name":"stderr","time":91.171454132,"data":"Accessing `is_flash_linear_attention_available` from `.models.deepseek_vl.image_processing_deepseek_vl`. Returning `is_flash_linear_attention_available` instead. Behavior may be different and this alias will be removed in future versions.\n"}
,{"stream_name":"stderr","time":91.171479848,"data":"\n"}
,{"stream_name":"stderr","time":91.17148466,"data":"Accessing `is_flash_linear_attention_available` from `.models.deepseek_vl.image_processing_deepseek_vl`. Returning `is_flash_linear_attention_available` instead. Behavior may be different and this alias will be removed in future versions.\n"}
,{"stream_name":"stderr","time":91.172394454,"data":"Accessing `is_flash_linear_attention_available` from `.models.deepseek_vl.image_processing_pil_deepseek_vl`. Returning `is_flash_linear_attention_available` instead. Behavior may be different and this alias will be removed in future versions.\n"}
,{"stream_name":"stderr","time":91.172411777,"data":"\n"}
,{"stream_name":"stderr","time":91.172416258,"data":"Accessing `is_flash_linear_attention_available` from `.models.deepseek_vl.image_processing_pil_deepseek_vl`. Returning `is_flash_linear_attention_available` instead. Behavior may be different and this alias will be removed in future versions.\n"}
,{"stream_name":"stderr","time":91.173401647,"data":"Accessing `is_flash_linear_attention_available` from `.models.deepseek_vl_hybrid.image_processing_deepseek_vl_hybrid`. Returning `is_flash_linear_attention_available` instead. Behavior may be different and this alias will be removed in future versions.\n"}
,{"stream_name":"stderr","time":91.173427971,"data":"\n"}
,{"stream_name":"stderr","time":91.173474636,"data":"Accessing `is_flash_linear_attention_available` from `.models.deepseek_vl_hybrid.image_processing_deepseek_vl_hybrid`. Returning `is_flash_linear_attention_available` instead. Behavior may be different and this alias will be removed in future versions.\n"}
,{"stream_name":"stderr","time":91.174357139,"data":"Accessing `is_flash_linear_attention_available` from `.models.deepseek_vl_hybrid.image_processing_pil_deepseek_vl_hybrid`. Returning `is_flash_linear_attention_available` instead. Behavior may be different and this alias will be removed in future versions.\n"}
,{"stream_name":"stderr","time":91.17437625,"data":"\n"}
,{"stream_name":"stderr","time":91.174380938,"data":"Accessing `is_flash_linear_attention_available` from `.models.deepseek_vl_hybrid.image_processing_pil_deepseek_vl_hybrid`. Returning `is_flash_linear_attention_available` instead. Behavior may be different and this alias will be removed in future versions.\n"}
,{"stream_name":"stderr","time":91.175347702,"data":"Accessing `is_flash_linear_attention_available` from `.models.deformable_detr.image_processing_deformable_detr`. Returning `is_flash_linear_attention_available` instead. Behavior may be different and this alias will be removed in future versions.\n"}
,{"stream_name":"stderr","time":91.175509902,"data":"\n"}
,{"stream_name":"stderr","time":91.175519708,"data":"Accessing `is_flash_linear_attention_available` from `.models.deformable_detr.image_processing_deformable_detr`. Returning `is_flash_linear_attention_available` instead. Behavior may be different and this alias will be removed in future versions.\n"}
,{"stream_name":"stderr","time":91.176297749,"data":"Accessing `is_flash_linear_attention_available` from `.models.deformable_detr.image_processing_pil_deformable_detr`. Returning `is_flash_linear_attention_available` instead. Behavior may be different and this alias will be removed in future versions.\n"}
,{"stream_name":"stderr","time":91.176315852,"data":"\n"}
,{"stream_name":"stderr","time":91.176321133,"data":"Accessing `is_flash_linear_attention_available` from `.models.deformable_detr.image_processing_pil_deformable_detr`. Returning `is_flash_linear_attention_available` instead. Behavior may be different and this alias will be removed in future versions.\n"}
,{"stream_name":"stderr","time":91.177272515,"data":"Accessing `is_flash_linear_attention_available` from `.models.deit.image_processing_deit`. Returning `is_flash_linear_attention_available` instead. Behavior may be different and this alias will be removed in future versions.\n"}
,{"stream_name":"stderr","time":91.177290119,"data":"\n"}
,{"stream_name":"stderr","time":91.177294612,"data":"Accessing `is_flash_linear_attention_available` from `.models.deit.image_processing_deit`. Returning `is_flash_linear_attention_available` instead. Behavior may be different and this alias will be removed in future versions.\n"}
,{"stream_name":"stderr","time":91.178155273,"data":"Accessing `is_flash_linear_attention_available` from `.models.deit.image_processing_pil_deit`. Returning `is_flash_linear_attention_available` instead. Behavior may be different and this alias will be removed in future versions.\n"}
,{"stream_name":"stderr","time":91.178173522,"data":"\n"}
,{"stream_name":"stderr","time":91.178178338,"data":"Accessing `is_flash_linear_attention_available` from `.models.deit.image_processing_pil_deit`. Returning `is_flash_linear_attention_available` instead. Behavior may be different and this alias will be removed in future versions.\n"}
,{"stream_name":"stderr","time":91.179129452,"data":"Accessing `is_flash_linear_attention_available` from `.models.depth_pro.image_processing_depth_pro`. Returning `is_flash_linear_attention_available` instead. Behavior may be different and this alias will be removed in future versions.\n"}
,{"stream_name":"stderr","time":91.179146655,"data":"\n"}
,{"stream_name":"stderr","time":91.179151332,"data":"Accessing `is_flash_linear_attention_available` from `.models.depth_pro.image_processing_depth_pro`. Returning `is_flash_linear_attention_available` instead. Behavior may be different and this alias will be removed in future versions.\n"}
,{"stream_name":"stderr","time":91.180243139,"data":"Accessing `is_flash_linear_attention_available` from `.models.detr.image_processing_detr`. Returning `is_flash_linear_attention_available` instead. Behavior may be different and this alias will be removed in future versions.\n"}
,{"stream_name":"stderr","time":91.180261032,"data":"\n"}
,{"stream_name":"stderr","time":91.180265896,"data":"Accessing `is_flash_linear_attention_available` from `.models.detr.image_processing_detr`. Returning `is_flash_linear_attention_available` instead. Behavior may be different and this alias will be removed in future versions.\n"}
,{"stream_name":"stderr","time":91.181197075,"data":"Accessing `is_flash_linear_attention_available` from `.models.detr.image_processing_pil_detr`. Returning `is_flash_linear_attention_available` instead. Behavior may be different and this alias will be removed in future versions.\n"}
,{"stream_name":"stderr","time":91.181267715,"data":"\n"}
,{"stream_name":"stderr","time":91.181275682,"data":"Accessing `is_flash_linear_attention_available` from `.models.detr.image_processing_pil_detr`. Returning `is_flash_linear_attention_available` instead. Behavior may be different and this alias will be removed in future versions.\n"}
,{"stream_name":"stderr","time":91.182222847,"data":"Accessing `is_flash_linear_attention_available` from `.models.dinov3_vit.image_processing_dinov3_vit`. Returning `is_flash_linear_attention_available` instead. Behavior may be different and this alias will be removed in future versions.\n"}
,{"stream_name":"stderr","time":91.182241463,"data":"\n"}
,{"stream_name":"stderr","time":91.182246617,"data":"Accessing `is_flash_linear_attention_available` from `.models.dinov3_vit.image_processing_dinov3_vit`. Returning `is_flash_linear_attention_available` instead. Behavior may be different and this alias will be removed in future versions.\n"}
,{"stream_name":"stderr","time":91.183322998,"data":"Accessing `is_flash_linear_attention_available` from `.models.donut.image_processing_donut`. Returning `is_flash_linear_attention_available` instead. Behavior may be different and this alias will be removed in future versions.\n"}
,{"stream_name":"stderr","time":91.183341258,"data":"\n"}
,{"stream_name":"stderr","time":91.183345926,"data":"Accessing `is_flash_linear_attention_available` from `.models.donut.image_processing_donut`. Returning `is_flash_linear_attention_available` instead. Behavior may be different and this alias will be removed in future versions.\n"}
,{"stream_name":"stderr","time":91.18419956,"data":"Accessing `is_flash_linear_attention_available` from `.models.donut.image_processing_pil_donut`. Returning `is_flash_linear_attention_available` instead. Behavior may be different and this alias will be removed in future versions.\n"}
,{"stream_name":"stderr","time":91.184217014,"data":"\n"}
,{"stream_name":"stderr","time":91.184222099,"data":"Accessing `is_flash_linear_attention_available` from `.models.donut.image_processing_pil_donut`. Returning `is_flash_linear_attention_available` instead. Behavior may be different and this alias will be removed in future versions.\n"}
,{"stream_name":"stderr","time":91.185264803,"data":"Accessing `is_flash_linear_attention_available` from `.models.dpt.image_processing_dpt`. Returning `is_flash_linear_attention_available` instead. Behavior may be different and this alias will be removed in future versions.\n"}
,{"stream_name":"stderr","time":91.185282857,"data":"\n"}
,{"stream_name":"stderr","time":91.185290639,"data":"Accessing `is_flash_linear_attention_available` from `.models.dpt.image_processing_dpt`. Returning `is_flash_linear_attention_available` instead. Behavior may be different and this alias will be removed in future versions.\n"}
,{"stream_name":"stderr","time":91.186151929,"data":"Accessing `is_flash_linear_attention_available` from `.models.dpt.image_processing_pil_dpt`. Returning `is_flash_linear_attention_available` instead. Behavior may be different and this alias will be removed in future versions.\n"}
,{"stream_name":"stderr","time":91.186207513,"data":"\n"}
,{"stream_name":"stderr","time":91.186215766,"data":"Accessing `is_flash_linear_attention_available` from `.models.dpt.image_processing_pil_dpt`. Returning `is_flash_linear_attention_available` instead. Behavior may be different and this alias will be removed in future versions.\n"}
,{"stream_name":"stderr","time":91.187298298,"data":"Accessing `is_flash_linear_attention_available` from `.models.efficientloftr.image_processing_efficientloftr`. Returning `is_flash_linear_attention_available` instead. Behavior may be different and this alias will be removed in future versions.\n"}
,{"stream_name":"stderr","time":91.187327375,"data":"\n"}
,{"stream_name":"stderr","time":91.187415178,"data":"Accessing `is_flash_linear_attention_available` from `.models.efficientloftr.image_processing_efficientloftr`. Returning `is_flash_linear_attention_available` instead. Behavior may be different and this alias will be removed in future versions.\n"}
,{"stream_name":"stderr","time":91.188394048,"data":"Accessing `is_flash_linear_attention_available` from `.models.efficientloftr.image_processing_pil_efficientloftr`. Returning `is_flash_linear_attention_available` instead. Behavior may be different and this alias will be removed in future versions.\n"}
,{"stream_name":"stderr","time":91.188412012,"data":"\n"}
,{"stream_name":"stderr","time":91.188416937,"data":"Accessing `is_flash_linear_attention_available` from `.models.efficientloftr.image_processing_pil_efficientloftr`. Returning `is_flash_linear_attention_available` instead. Behavior may be different and this alias will be removed in future versions.\n"}
,{"stream_name":"stderr","time":91.189587822,"data":"Accessing `is_flash_linear_attention_available` from `.models.efficientnet.image_processing_efficientnet`. Returning `is_flash_linear_attention_available` instead. Behavior may be different and this alias will be removed in future versions.\n"}
,{"stream_name":"stderr","time":91.189606574,"data":"\n"}
,{"stream_name":"stderr","time":91.189611867,"data":"Accessing `is_flash_linear_attention_available` from `.models.efficientnet.image_processing_efficientnet`. Returning `is_flash_linear_attention_available` instead. Behavior may be different and this alias will be removed in future versions.\n"}
,{"stream_name":"stderr","time":91.190632386,"data":"Accessing `is_flash_linear_attention_available` from `.models.efficientnet.image_processing_pil_efficientnet`. Returning `is_flash_linear_attention_available` instead. Behavior may be different and this alias will be removed in future versions.\n"}
,{"stream_name":"stderr","time":91.190650089,"data":"\n"}
,{"stream_name":"stderr","time":91.190654917,"data":"Accessing `is_flash_linear_attention_available` from `.models.efficientnet.image_processing_pil_efficientnet`. Returning `is_flash_linear_attention_available` instead. Behavior may be different and this alias will be removed in future versions.\n"}
,{"stream_name":"stderr","time":91.191843936,"data":"Accessing `is_flash_linear_attention_available` from `.models.emu3.image_processing_emu3`. Returning `is_flash_linear_attention_available` instead. Behavior may be different and this alias will be removed in future versions.\n"}
,{"stream_name":"stderr","time":91.191861666,"data":"\n"}
,{"stream_name":"stderr","time":91.19186664,"data":"Accessing `is_flash_linear_attention_available` from `.models.emu3.image_processing_emu3`. Returning `is_flash_linear_attention_available` instead. Behavior may be different and this alias will be removed in future versions.\n"}
,{"stream_name":"stderr","time":91.192860037,"data":"Accessing `is_flash_linear_attention_available` from `.models.eomt.image_processing_eomt`. Returning `is_flash_linear_attention_available` instead. Behavior may be different and this alias will be removed in future versions.\n"}
,{"stream_name":"stderr","time":91.192878772,"data":"\n"}
,{"stream_name":"stderr","time":91.192884367,"data":"Accessing `is_flash_linear_attention_available` from `.models.eomt.image_processing_eomt`. Returning `is_flash_linear_attention_available` instead. Behavior may be different and this alias will be removed in future versions.\n"}
,{"stream_name":"stderr","time":91.193908179,"data":"Accessing `is_flash_linear_attention_available` from `.models.eomt.image_processing_pil_eomt`. Returning `is_flash_linear_attention_available` instead. Behavior may be different and this alias will be removed in future versions.\n"}
,{"stream_name":"stderr","time":91.193958878,"data":"\n"}
,{"stream_name":"stderr","time":91.193964893,"data":"Accessing `is_flash_linear_attention_available` from `.models.eomt.image_processing_pil_eomt`. Returning `is_flash_linear_attention_available` instead. Behavior may be different and this alias will be removed in future versions.\n"}
,{"stream_name":"stderr","time":91.194913814,"data":"Accessing `is_flash_linear_attention_available` from `.models.ernie4_5_vl_moe.image_processing_ernie4_5_vl_moe`. Returning `is_flash_linear_attention_available` instead. Behavior may be different and this alias will be removed in future versions.\n"}
,{"stream_name":"stderr","time":91.194931477,"data":"\n"}
,{"stream_name":"stderr","time":91.194936459,"data":"Accessing `is_flash_linear_attention_available` from `.models.ernie4_5_vl_moe.image_processing_ernie4_5_vl_moe`. Returning `is_flash_linear_attention_available` instead. Behavior may be different and this alias will be removed in future versions.\n"}
,{"stream_name":"stderr","time":91.196046843,"data":"Accessing `is_flash_linear_attention_available` from `.models.ernie4_5_vl_moe.image_processing_pil_ernie4_5_vl_moe`. Returning `is_flash_linear_attention_available` instead. Behavior may be different and this alias will be removed in future versions.\n"}
,{"stream_name":"stderr","time":91.196064469,"data":"\n"}
,{"stream_name":"stderr","time":91.196069145,"data":"Accessing `is_flash_linear_attention_available` from `.models.ernie4_5_vl_moe.image_processing_pil_ernie4_5_vl_moe`. Returning `is_flash_linear_attention_available` instead. Behavior may be different and this alias will be removed in future versions.\n"}
,{"stream_name":"stderr","time":91.197125955,"data":"Accessing `is_flash_linear_attention_available` from `.models.flava.image_processing_flava`. Returning `is_flash_linear_attention_available` instead. Behavior may be different and this alias will be removed in future versions.\n"}
,{"stream_name":"stderr","time":91.197144165,"data":"\n"}
,{"stream_name":"stderr","time":91.197149361,"data":"Accessing `is_flash_linear_attention_available` from `.models.flava.image_processing_flava`. Returning `is_flash_linear_attention_available` instead. Behavior may be different and this alias will be removed in future versions.\n"}
,{"stream_name":"stderr","time":91.198323094,"data":"Accessing `is_flash_linear_attention_available` from `.models.flava.image_processing_pil_flava`. Returning `is_flash_linear_attention_available` instead. Behavior may be different and this alias will be removed in future versions.\n"}
,{"stream_name":"stderr","time":91.19834396,"data":"\n"}
,{"stream_name":"stderr","time":91.198349424,"data":"Accessing `is_flash_linear_attention_available` from `.models.flava.image_processing_pil_flava`. Returning `is_flash_linear_attention_available` instead. Behavior may be different and this alias will be removed in future versions.\n"}
,{"stream_name":"stderr","time":91.199407634,"data":"Accessing `is_flash_linear_attention_available` from `.models.fuyu.image_processing_fuyu`. Returning `is_flash_linear_attention_available` instead. Behavior may be different and this alias will be removed in future versions.\n"}
,{"stream_name":"stderr","time":91.199424768,"data":"\n"}
,{"stream_name":"stderr","time":91.19942923,"data":"Accessing `is_flash_linear_attention_available` from `.models.fuyu.image_processing_fuyu`. Returning `is_flash_linear_attention_available` instead. Behavior may be different and this alias will be removed in future versions.\n"}
,{"stream_name":"stderr","time":91.200457199,"data":"Accessing `is_flash_linear_attention_available` from `.models.fuyu.image_processing_pil_fuyu`. Returning `is_flash_linear_attention_available` instead. Behavior may be different and this alias will be removed in future versions.\n"}
,{"stream_name":"stderr","time":91.20051858,"data":"\n"}
,{"stream_name":"stderr","time":91.200524979,"data":"Accessing `is_flash_linear_attention_available` from `.models.fuyu.image_processing_pil_fuyu`. Returning `is_flash_linear_attention_available` instead. Behavior may be different and this alias will be removed in future versions.\n"}
,{"stream_name":"stderr","time":91.201479487,"data":"Accessing `is_flash_linear_attention_available` from `.models.gemma3.image_processing_gemma3`. Returning `is_flash_linear_attention_available` instead. Behavior may be different and this alias will be removed in future versions.\n"}
,{"stream_name":"stderr","time":91.201497844,"data":"\n"}
,{"stream_name":"stderr","time":91.201502607,"data":"Accessing `is_flash_linear_attention_available` from `.models.gemma3.image_processing_gemma3`. Returning `is_flash_linear_attention_available` instead. Behavior may be different and this alias will be removed in future versions.\n"}
,{"stream_name":"stderr","time":91.202598061,"data":"Accessing `is_flash_linear_attention_available` from `.models.gemma3.image_processing_pil_gemma3`. Returning `is_flash_linear_attention_available` instead. Behavior may be different and this alias will be removed in future versions.\n"}
,{"stream_name":"stderr","time":91.202616708,"data":"\n"}
,{"stream_name":"stderr","time":91.202621492,"data":"Accessing `is_flash_linear_attention_available` from `.models.gemma3.image_processing_pil_gemma3`. Returning `is_flash_linear_attention_available` instead. Behavior may be different and this alias will be removed in future versions.\n"}
,{"stream_name":"stderr","time":91.203710369,"data":"Accessing `is_flash_linear_attention_available` from `.models.gemma4.image_processing_gemma4`. Returning `is_flash_linear_attention_available` instead. Behavior may be different and this alias will be removed in future versions.\n"}
,{"stream_name":"stderr","time":91.203727906,"data":"\n"}
,{"stream_name":"stderr","time":91.203732384,"data":"Accessing `is_flash_linear_attention_available` from `.models.gemma4.image_processing_gemma4`. Returning `is_flash_linear_attention_available` instead. Behavior may be different and this alias will be removed in future versions.\n"}
,{"stream_name":"stderr","time":91.204859753,"data":"Accessing `is_flash_linear_attention_available` from `.models.gemma4.image_processing_pil_gemma4`. Returning `is_flash_linear_attention_available` instead. Behavior may be different and this alias will be removed in future versions.\n"}
,{"stream_name":"stderr","time":91.204877553,"data":"\n"}
,{"stream_name":"stderr","time":91.204882487,"data":"Accessing `is_flash_linear_attention_available` from `.models.gemma4.image_processing_pil_gemma4`. Returning `is_flash_linear_attention_available` instead. Behavior may be different and this alias will be removed in future versions.\n"}
,{"stream_name":"stderr","time":91.205944337,"data":"Accessing `is_flash_linear_attention_available` from `.models.glm46v.image_processing_glm46v`. Returning `is_flash_linear_attention_available` instead. Behavior may be different and this alias will be removed in future versions.\n"}
,{"stream_name":"stderr","time":91.205962005,"data":"\n"}
,{"stream_name":"stderr","time":91.205966643,"data":"Accessing `is_flash_linear_attention_available` from `.models.glm46v.image_processing_glm46v`. Returning `is_flash_linear_attention_available` instead. Behavior may be different and this alias will be removed in future versions.\n"}
,{"stream_name":"stderr","time":91.207028133,"data":"Accessing `is_flash_linear_attention_available` from `.models.glm46v.image_processing_pil_glm46v`. Returning `is_flash_linear_attention_available` instead. Behavior may be different and this alias will be removed in future versions.\n"}
,{"stream_name":"stderr","time":91.207055358,"data":"\n"}
,{"stream_name":"stderr","time":91.207060976,"data":"Accessing `is_flash_linear_attention_available` from `.models.glm46v.image_processing_pil_glm46v`. Returning `is_flash_linear_attention_available` instead. Behavior may be different and this alias will be removed in future versions.\n"}
,{"stream_name":"stderr","time":91.208230606,"data":"Accessing `is_flash_linear_attention_available` from `.models.glm4v.image_processing_glm4v`. Returning `is_flash_linear_attention_available` instead. Behavior may be different and this alias will be removed in future versions.\n"}
,{"stream_name":"stderr","time":91.208251459,"data":"\n"}
,{"stream_name":"stderr","time":91.208256801,"data":"Accessing `is_flash_linear_attention_available` from `.models.glm4v.image_processing_glm4v`. Returning `is_flash_linear_attention_available` instead. Behavior may be different and this alias will be removed in future versions.\n"}
,{"stream_name":"stderr","time":91.209394258,"data":"Accessing `is_flash_linear_attention_available` from `.models.glm4v.image_processing_pil_glm4v`. Returning `is_flash_linear_attention_available` instead. Behavior may be different and this alias will be removed in future versions.\n"}
,{"stream_name":"stderr","time":91.209418922,"data":"\n"}
,{"stream_name":"stderr","time":91.209424318,"data":"Accessing `is_flash_linear_attention_available` from `.models.glm4v.image_processing_pil_glm4v`. Returning `is_flash_linear_attention_available` instead. Behavior may be different and this alias will be removed in future versions.\n"}
,{"stream_name":"stderr","time":91.210541506,"data":"Accessing `is_flash_linear_attention_available` from `.models.glm_image.image_processing_glm_image`. Returning `is_flash_linear_attention_available` instead. Behavior may be different and this alias will be removed in future versions.\n"}
,{"stream_name":"stderr","time":91.210559226,"data":"\n"}
,{"stream_name":"stderr","time":91.210563991,"data":"Accessing `is_flash_linear_attention_available` from `.models.glm_image.image_processing_glm_image`. Returning `is_flash_linear_attention_available` instead. Behavior may be different and this alias will be removed in future versions.\n"}
,{"stream_name":"stderr","time":91.211714136,"data":"Accessing `is_flash_linear_attention_available` from `.models.glm_image.image_processing_pil_glm_image`. Returning `is_flash_linear_attention_available` instead. Behavior may be different and this alias will be removed in future versions.\n"}
,{"stream_name":"stderr","time":91.21173251,"data":"\n"}
,{"stream_name":"stderr","time":91.211737684,"data":"Accessing `is_flash_linear_attention_available` from `.models.glm_image.image_processing_pil_glm_image`. Returning `is_flash_linear_attention_available` instead. Behavior may be different and this alias will be removed in future versions.\n"}
,{"stream_name":"stderr","time":91.212699721,"data":"Accessing `is_flash_linear_attention_available` from `.models.glpn.image_processing_glpn`. Returning `is_flash_linear_attention_available` instead. Behavior may be different and this alias will be removed in future versions.\n"}
,{"stream_name":"stderr","time":91.212717051,"data":"\n"}
,{"stream_name":"stderr","time":91.212721443,"data":"Accessing `is_flash_linear_attention_available` from `.models.glpn.image_processing_glpn`. Returning `is_flash_linear_attention_available` instead. Behavior may be different and this alias will be removed in future versions.\n"}
,{"stream_name":"stderr","time":91.213441104,"data":"Accessing `is_flash_linear_attention_available` from `.models.glpn.image_processing_pil_glpn`. Returning `is_flash_linear_attention_available` instead. Behavior may be different and this alias will be removed in future versions.\n"}
,{"stream_name":"stderr","time":91.213468766,"data":"\n"}
,{"stream_name":"stderr","time":91.213474466,"data":"Accessing `is_flash_linear_attention_available` from `.models.glpn.image_processing_pil_glpn`. Returning `is_flash_linear_attention_available` instead. Behavior may be different and this alias will be removed in future versions.\n"}
,{"stream_name":"stderr","time":91.214400253,"data":"Accessing `is_flash_linear_attention_available` from `.models.got_ocr2.image_processing_got_ocr2`. Returning `is_flash_linear_attention_available` instead. Behavior may be different and this alias will be removed in future versions.\n"}
,{"stream_name":"stderr","time":91.21441722,"data":"\n"}
,{"stream_name":"stderr","time":91.214422046,"data":"Accessing `is_flash_linear_attention_available` from `.models.got_ocr2.image_processing_got_ocr2`. Returning `is_flash_linear_attention_available` instead. Behavior may be different and this alias will be removed in future versions.\n"}
,{"stream_name":"stderr","time":91.215565144,"data":"Accessing `is_flash_linear_attention_available` from `.models.got_ocr2.image_processing_pil_got_ocr2`. Returning `is_flash_linear_attention_available` instead. Behavior may be different and this alias will be removed in future versions.\n"}
,{"stream_name":"stderr","time":91.215582767,"data":"\n"}
,{"stream_name":"stderr","time":91.215587912,"data":"Accessing `is_flash_linear_attention_available` from `.models.got_ocr2.image_processing_pil_got_ocr2`. Returning `is_flash_linear_attention_available` instead. Behavior may be different and this alias will be removed in future versions.\n"}
,{"stream_name":"stderr","time":91.216695468,"data":"Accessing `is_flash_linear_attention_available` from `.models.grounding_dino.image_processing_grounding_dino`. Returning `is_flash_linear_attention_available` instead. Behavior may be different and this alias will be removed in future versions.\n"}
,{"stream_name":"stderr","time":91.2167324,"data":"\n"}
,{"stream_name":"stderr","time":91.216737325,"data":"Accessing `is_flash_linear_attention_available` from `.models.grounding_dino.image_processing_grounding_dino`. Returning `is_flash_linear_attention_available` instead. Behavior may be different and this alias will be removed in future versions.\n"}
,{"stream_name":"stderr","time":91.217877806,"data":"Accessing `is_flash_linear_attention_available` from `.models.grounding_dino.image_processing_pil_grounding_dino`. Returning `is_flash_linear_attention_available` instead. Behavior may be different and this alias will be removed in future versions.\n"}
,{"stream_name":"stderr","time":91.217896738,"data":"\n"}
,{"stream_name":"stderr","time":91.217901939,"data":"Accessing `is_flash_linear_attention_available` from `.models.grounding_dino.image_processing_pil_grounding_dino`. Returning `is_flash_linear_attention_available` instead. Behavior may be different and this alias will be removed in future versions.\n"}
,{"stream_name":"stderr","time":91.21898512,"data":"Accessing `is_flash_linear_attention_available` from `.models.idefics.image_processing_idefics`. Returning `is_flash_linear_attention_available` instead. Behavior may be different and this alias will be removed in future versions.\n"}
,{"stream_name":"stderr","time":91.219002398,"data":"\n"}
,{"stream_name":"stderr","time":91.219006931,"data":"Accessing `is_flash_linear_attention_available` from `.models.idefics.image_processing_idefics`. Returning `is_flash_linear_attention_available` instead. Behavior may be different and this alias will be removed in future versions.\n"}
,{"stream_name":"stderr","time":91.220012014,"data":"Accessing `is_flash_linear_attention_available` from `.models.idefics.image_processing_pil_idefics`. Returning `is_flash_linear_attention_available` instead. Behavior may be different and this alias will be removed in future versions.\n"}
,{"stream_name":"stderr","time":91.220039609,"data":"\n"}
,{"stream_name":"stderr","time":91.220045269,"data":"Accessing `is_flash_linear_attention_available` from `.models.idefics.image_processing_pil_idefics`. Returning `is_flash_linear_attention_available` instead. Behavior may be different and this alias will be removed in future versions.\n"}
,{"stream_name":"stderr","time":91.221071162,"data":"Accessing `is_flash_linear_attention_available` from `.models.idefics2.image_processing_idefics2`. Returning `is_flash_linear_attention_available` instead. Behavior may be different and this alias will be removed in future versions.\n"}
,{"stream_name":"stderr","time":91.22108848,"data":"\n"}
,{"stream_name":"stderr","time":91.22109301,"data":"Accessing `is_flash_linear_attention_available` from `.models.idefics2.image_processing_idefics2`. Returning `is_flash_linear_attention_available` instead. Behavior may be different and this alias will be removed in future versions.\n"}
,{"stream_name":"stderr","time":91.222262508,"data":"Accessing `is_flash_linear_attention_available` from `.models.idefics2.image_processing_pil_idefics2`. Returning `is_flash_linear_attention_available` instead. Behavior may be different and this alias will be removed in future versions.\n"}
,{"stream_name":"stderr","time":91.222281075,"data":"\n"}
,{"stream_name":"stderr","time":91.22228575,"data":"Accessing `is_flash_linear_attention_available` from `.models.idefics2.image_processing_pil_idefics2`. Returning `is_flash_linear_attention_available` instead. Behavior may be different and this alias will be removed in future versions.\n"}
,{"stream_name":"stderr","time":91.22331433,"data":"Accessing `is_flash_linear_attention_available` from `.models.idefics3.image_processing_idefics3`. Returning `is_flash_linear_attention_available` instead. Behavior may be different and this alias will be removed in future versions.\n"}
,{"stream_name":"stderr","time":91.22333273,"data":"\n"}
,{"stream_name":"stderr","time":91.223337839,"data":"Accessing `is_flash_linear_attention_available` from `.models.idefics3.image_processing_idefics3`. Returning `is_flash_linear_attention_available` instead. Behavior may be different and this alias will be removed in future versions.\n"}
,{"stream_name":"stderr","time":91.224236473,"data":"Accessing `is_flash_linear_attention_available` from `.models.idefics3.image_processing_pil_idefics3`. Returning `is_flash_linear_attention_available` instead. Behavior may be different and this alias will be removed in future versions.\n"}
,{"stream_name":"stderr","time":91.224254814,"data":"\n"}
,{"stream_name":"stderr","time":91.22425989,"data":"Accessing `is_flash_linear_attention_available` from `.models.idefics3.image_processing_pil_idefics3`. Returning `is_flash_linear_attention_available` instead. Behavior may be different and this alias will be removed in future versions.\n"}
,{"stream_name":"stderr","time":91.225444204,"data":"Accessing `is_flash_linear_attention_available` from `.models.imagegpt.image_processing_imagegpt`. Returning `is_flash_linear_attention_available` instead. Behavior may be different and this alias will be removed in future versions.\n"}
,{"stream_name":"stderr","time":91.225468426,"data":"\n"}
,{"stream_name":"stderr","time":91.225474542,"data":"Accessing `is_flash_linear_attention_available` from `.models.imagegpt.image_processing_imagegpt`. Returning `is_flash_linear_attention_available` instead. Behavior may be different and this alias will be removed in future versions.\n"}
,{"stream_name":"stderr","time":91.226522578,"data":"Accessing `is_flash_linear_attention_available` from `.models.imagegpt.image_processing_pil_imagegpt`. Returning `is_flash_linear_attention_available` instead. Behavior may be different and this alias will be removed in future versions.\n"}
,{"stream_name":"stderr","time":91.226568577,"data":"\n"}
,{"stream_name":"stderr","time":91.226574573,"data":"Accessing `is_flash_linear_attention_available` from `.models.imagegpt.image_processing_pil_imagegpt`. Returning `is_flash_linear_attention_available` instead. Behavior may be different and this alias will be removed in future versions.\n"}
,{"stream_name":"stderr","time":91.227723852,"data":"Accessing `is_flash_linear_attention_available` from `.models.janus.image_processing_janus`. Returning `is_flash_linear_attention_available` instead. Behavior may be different and this alias will be removed in future versions.\n"}
,{"stream_name":"stderr","time":91.227742132,"data":"\n"}
,{"stream_name":"stderr","time":91.227747724,"data":"Accessing `is_flash_linear_attention_available` from `.models.janus.image_processing_janus`. Returning `is_flash_linear_attention_available` instead. Behavior may be different and this alias will be removed in future versions.\n"}
,{"stream_name":"stderr","time":91.228837119,"data":"Accessing `is_flash_linear_attention_available` from `.models.janus.image_processing_pil_janus`. Returning `is_flash_linear_attention_available` instead. Behavior may be different and this alias will be removed in future versions.\n"}
,{"stream_name":"stderr","time":91.228855242,"data":"\n"}
,{"stream_name":"stderr","time":91.228860605,"data":"Accessing `is_flash_linear_attention_available` from `.models.janus.image_processing_pil_janus`. Returning `is_flash_linear_attention_available` instead. Behavior may be different and this alias will be removed in future versions.\n"}
,{"stream_name":"stderr","time":91.229946837,"data":"Accessing `is_flash_linear_attention_available` from `.models.kosmos2_5.image_processing_kosmos2_5`. Returning `is_flash_linear_attention_available` instead. Behavior may be different and this alias will be removed in future versions.\n"}
,{"stream_name":"stderr","time":91.229963905,"data":"\n"}
,{"stream_name":"stderr","time":91.229969393,"data":"Accessing `is_flash_linear_attention_available` from `.models.kosmos2_5.image_processing_kosmos2_5`. Returning `is_flash_linear_attention_available` instead. Behavior may be different and this alias will be removed in future versions.\n"}
,{"stream_name":"stderr","time":91.231073157,"data":"Accessing `is_flash_linear_attention_available` from `.models.kosmos2_5.image_processing_pil_kosmos2_5`. Returning `is_flash_linear_attention_available` instead. Behavior may be different and this alias will be removed in future versions.\n"}
,{"stream_name":"stderr","time":91.231172717,"data":"\n"}
,{"stream_name":"stderr","time":91.231180676,"data":"Accessing `is_flash_linear_attention_available` from `.models.kosmos2_5.image_processing_pil_kosmos2_5`. Returning `is_flash_linear_attention_available` instead. Behavior may be different and this alias will be removed in future versions.\n"}
,{"stream_name":"stderr","time":91.232227108,"data":"Accessing `is_flash_linear_attention_available` from `.models.layoutlmv2.image_processing_layoutlmv2`. Returning `is_flash_linear_attention_available` instead. Behavior may be different and this alias will be removed in future versions.\n"}
,{"stream_name":"stderr","time":91.232244904,"data":"\n"}
,{"stream_name":"stderr","time":91.232250374,"data":"Accessing `is_flash_linear_attention_available` from `.models.layoutlmv2.image_processing_layoutlmv2`. Returning `is_flash_linear_attention_available` instead. Behavior may be different and this alias will be removed in future versions.\n"}
,{"stream_name":"stderr","time":91.233365075,"data":"Accessing `is_flash_linear_attention_available` from `.models.layoutlmv2.image_processing_pil_layoutlmv2`. Returning `is_flash_linear_attention_available` instead. Behavior may be different and this alias will be removed in future versions.\n"}
,{"stream_name":"stderr","time":91.233391565,"data":"\n"}
,{"stream_name":"stderr","time":91.233397323,"data":"Accessing `is_flash_linear_attention_available` from `.models.layoutlmv2.image_processing_pil_layoutlmv2`. Returning `is_flash_linear_attention_available` instead. Behavior may be different and this alias will be removed in future versions.\n"}
,{"stream_name":"stderr","time":91.234445134,"data":"Accessing `is_flash_linear_attention_available` from `.models.layoutlmv3.image_processing_layoutlmv3`. Returning `is_flash_linear_attention_available` instead. Behavior may be different and this alias will be removed in future versions.\n"}
,{"stream_name":"stderr","time":91.234468399,"data":"\n"}
,{"stream_name":"stderr","time":91.234473509,"data":"Accessing `is_flash_linear_attention_available` from `.models.layoutlmv3.image_processing_layoutlmv3`. Returning `is_flash_linear_attention_available` instead. Behavior may be different and this alias will be removed in future versions.\n"}
,{"stream_name":"stderr","time":91.235526946,"data":"Accessing `is_flash_linear_attention_available` from `.models.layoutlmv3.image_processing_pil_layoutlmv3`. Returning `is_flash_linear_attention_available` instead. Behavior may be different and this alias will be removed in future versions.\n"}
,{"stream_name":"stderr","time":91.235543306,"data":"\n"}
,{"stream_name":"stderr","time":91.235551072,"data":"Accessing `is_flash_linear_attention_available` from `.models.layoutlmv3.image_processing_pil_layoutlmv3`. Returning `is_flash_linear_attention_available` instead. Behavior may be different and this alias will be removed in future versions.\n"}
,{"stream_name":"stderr","time":91.236643095,"data":"Accessing `is_flash_linear_attention_available` from `.models.levit.image_processing_levit`. Returning `is_flash_linear_attention_available` instead. Behavior may be different and this alias will be removed in future versions.\n"}
,{"stream_name":"stderr","time":91.236660854,"data":"\n"}
,{"stream_name":"stderr","time":91.236665954,"data":"Accessing `is_flash_linear_attention_available` from `.models.levit.image_processing_levit`. Returning `is_flash_linear_attention_available` instead. Behavior may be different and this alias will be removed in future versions.\n"}
,{"stream_name":"stderr","time":91.237791941,"data":"Accessing `is_flash_linear_attention_available` from `.models.levit.image_processing_pil_levit`. Returning `is_flash_linear_attention_available` instead. Behavior may be different and this alias will be removed in future versions.\n"}
,{"stream_name":"stderr","time":91.237809234,"data":"\n"}
,{"stream_name":"stderr","time":91.237843805,"data":"Accessing `is_flash_linear_attention_available` from `.models.levit.image_processing_pil_levit`. Returning `is_flash_linear_attention_available` instead. Behavior may be different and this alias will be removed in future versions.\n"}
,{"stream_name":"stderr","time":91.23894837899999,"data":"Accessing `is_flash_linear_attention_available` from `.models.lfm2_vl.image_processing_lfm2_vl`. Returning `is_flash_linear_attention_available` instead. Behavior may be different and this alias will be removed in future versions.\n"}
,{"stream_name":"stderr","time":91.238966712,"data":"\n"}
,{"stream_name":"stderr","time":91.238971958,"data":"Accessing `is_flash_linear_attention_available` from `.models.lfm2_vl.image_processing_lfm2_vl`. Returning `is_flash_linear_attention_available` instead. Behavior may be different and this alias will be removed in future versions.\n"}
,{"stream_name":"stderr","time":91.240022459,"data":"Accessing `is_flash_linear_attention_available` from `.models.lightglue.image_processing_lightglue`. Returning `is_flash_linear_attention_available` instead. Behavior may be different and this alias will be removed in future versions.\n"}
,{"stream_name":"stderr","time":91.240055555,"data":"\n"}
,{"stream_name":"stderr","time":91.240061482,"data":"Accessing `is_flash_linear_attention_available` from `.models.lightglue.image_processing_lightglue`. Returning `is_flash_linear_attention_available` instead. Behavior may be different and this alias will be removed in future versions.\n"}
,{"stream_name":"stderr","time":91.241107968,"data":"Accessing `is_flash_linear_attention_available` from `.models.lightglue.image_processing_pil_lightglue`. Returning `is_flash_linear_attention_available` instead. Behavior may be different and this alias will be removed in future versions.\n"}
,{"stream_name":"stderr","time":91.241125774,"data":"\n"}
,{"stream_name":"stderr","time":91.241130368,"data":"Accessing `is_flash_linear_attention_available` from `.models.lightglue.image_processing_pil_lightglue`. Returning `is_flash_linear_attention_available` instead. Behavior may be different and this alias will be removed in future versions.\n"}
,{"stream_name":"stderr","time":91.24218769,"data":"Accessing `is_flash_linear_attention_available` from `.models.llama4.image_processing_llama4`. Returning `is_flash_linear_attention_available` instead. Behavior may be different and this alias will be removed in future versions.\n"}
,{"stream_name":"stderr","time":91.242205253,"data":"\n"}
,{"stream_name":"stderr","time":91.2422102,"data":"Accessing `is_flash_linear_attention_available` from `.models.llama4.image_processing_llama4`. Returning `is_flash_linear_attention_available` instead. Behavior may be different and this alias will be removed in future versions.\n"}
,{"stream_name":"stderr","time":91.243096252,"data":"Accessing `is_flash_linear_attention_available` from `.models.llava.image_processing_llava`. Returning `is_flash_linear_attention_available` instead. Behavior may be different and this alias will be removed in future versions.\n"}
,{"stream_name":"stderr","time":91.243113472,"data":"\n"}
,{"stream_name":"stderr","time":91.243118077,"data":"Accessing `is_flash_linear_attention_available` from `.models.llava.image_processing_llava`. Returning `is_flash_linear_attention_available` instead. Behavior may be different and this alias will be removed in future versions.\n"}
,{"stream_name":"stderr","time":91.244068688,"data":"Accessing `is_flash_linear_attention_available` from `.models.llava.image_processing_pil_llava`. Returning `is_flash_linear_attention_available` instead. Behavior may be different and this alias will be removed in future versions.\n"}
,{"stream_name":"stderr","time":91.24408733,"data":"\n"}
,{"stream_name":"stderr","time":91.24409233,"data":"Accessing `is_flash_linear_attention_available` from `.models.llava.image_processing_pil_llava`. Returning `is_flash_linear_attention_available` instead. Behavior may be different and this alias will be removed in future versions.\n"}
,{"stream_name":"stderr","time":91.245226788,"data":"Accessing `is_flash_linear_attention_available` from `.models.llava_next.image_processing_llava_next`. Returning `is_flash_linear_attention_available` instead. Behavior may be different and this alias will be removed in future versions.\n"}
,{"stream_name":"stderr","time":91.245244543,"data":"\n"}
,{"stream_name":"stderr","time":91.245249947,"data":"Accessing `is_flash_linear_attention_available` from `.models.llava_next.image_processing_llava_next`. Returning `is_flash_linear_attention_available` instead. Behavior may be different and this alias will be removed in future versions.\n"}
,{"stream_name":"stderr","time":91.246435864,"data":"Accessing `is_flash_linear_attention_available` from `.models.llava_next.image_processing_pil_llava_next`. Returning `is_flash_linear_attention_available` instead. Behavior may be different and this alias will be removed in future versions.\n"}
,{"stream_name":"stderr","time":91.246454489,"data":"\n"}
,{"stream_name":"stderr","time":91.246470143,"data":"Accessing `is_flash_linear_attention_available` from `.models.llava_next.image_processing_pil_llava_next`. Returning `is_flash_linear_attention_available` instead. Behavior may be different and this alias will be removed in future versions.\n"}
,{"stream_name":"stderr","time":91.247549986,"data":"Accessing `is_flash_linear_attention_available` from `.models.llava_onevision.image_processing_llava_onevision`. Returning `is_flash_linear_attention_available` instead. Behavior may be different and this alias will be removed in future versions.\n"}
,{"stream_name":"stderr","time":91.247568896,"data":"\n"}
,{"stream_name":"stderr","time":91.247573527,"data":"Accessing `is_flash_linear_attention_available` from `.models.llava_onevision.image_processing_llava_onevision`. Returning `is_flash_linear_attention_available` instead. Behavior may be different and this alias will be removed in future versions.\n"}
,{"stream_name":"stderr","time":91.248744343,"data":"Accessing `is_flash_linear_attention_available` from `.models.llava_onevision.image_processing_pil_llava_onevision`. Returning `is_flash_linear_attention_available` instead. Behavior may be different and this alias will be removed in future versions.\n"}
,{"stream_name":"stderr","time":91.248761026,"data":"\n"}
,{"stream_name":"stderr","time":91.248766116,"data":"Accessing `is_flash_linear_attention_available` from `.models.llava_onevision.image_processing_pil_llava_onevision`. Returning `is_flash_linear_attention_available` instead. Behavior may be different and this alias will be removed in future versions.\n"}
,{"stream_name":"stderr","time":91.249889173,"data":"Accessing `is_flash_linear_attention_available` from `.models.mask2former.image_processing_mask2former`. Returning `is_flash_linear_attention_available` instead. Behavior may be different and this alias will be removed in future versions.\n"}
,{"stream_name":"stderr","time":91.249906441,"data":"\n"}
,{"stream_name":"stderr","time":91.2499117,"data":"Accessing `is_flash_linear_attention_available` from `.models.mask2former.image_processing_mask2former`. Returning `is_flash_linear_attention_available` instead. Behavior may be different and this alias will be removed in future versions.\n"}
,{"stream_name":"stderr","time":91.250791321,"data":"Accessing `is_flash_linear_attention_available` from `.models.mask2former.image_processing_pil_mask2former`. Returning `is_flash_linear_attention_available` instead. Behavior may be different and this alias will be removed in future versions.\n"}
,{"stream_name":"stderr","time":91.250803473,"data":"\n"}
,{"stream_name":"stderr","time":91.250808013,"data":"Accessing `is_flash_linear_attention_available` from `.models.mask2former.image_processing_pil_mask2former`. Returning `is_flash_linear_attention_available` instead. Behavior may be different and this alias will be removed in future versions.\n"}
,{"stream_name":"stderr","time":91.251858138,"data":"Accessing `is_flash_linear_attention_available` from `.models.maskformer.image_processing_maskformer`. Returning `is_flash_linear_attention_available` instead. Behavior may be different and this alias will be removed in future versions.\n"}
,{"stream_name":"stderr","time":91.251874577,"data":"\n"}
,{"stream_name":"stderr","time":91.251879039,"data":"Accessing `is_flash_linear_attention_available` from `.models.maskformer.image_processing_maskformer`. Returning `is_flash_linear_attention_available` instead. Behavior may be different and this alias will be removed in future versions.\n"}
,{"stream_name":"stderr","time":91.252857041,"data":"Accessing `is_flash_linear_attention_available` from `.models.maskformer.image_processing_pil_maskformer`. Returning `is_flash_linear_attention_available` instead. Behavior may be different and this alias will be removed in future versions.\n"}
,{"stream_name":"stderr","time":91.252885557,"data":"\n"}
,{"stream_name":"stderr","time":91.252891729,"data":"Accessing `is_flash_linear_attention_available` from `.models.maskformer.image_processing_pil_maskformer`. Returning `is_flash_linear_attention_available` instead. Behavior may be different and this alias will be removed in future versions.\n"}
,{"stream_name":"stderr","time":91.253671037,"data":"Accessing `is_flash_linear_attention_available` from `.models.mllama.image_processing_mllama`. Returning `is_flash_linear_attention_available` instead. Behavior may be different and this alias will be removed in future versions.\n"}
,{"stream_name":"stderr","time":91.253683442,"data":"\n"}
,{"stream_name":"stderr","time":91.253687869,"data":"Accessing `is_flash_linear_attention_available` from `.models.mllama.image_processing_mllama`. Returning `is_flash_linear_attention_available` instead. Behavior may be different and this alias will be removed in future versions.\n"}
,{"stream_name":"stderr","time":91.254631067,"data":"Accessing `is_flash_linear_attention_available` from `.models.mllama.image_processing_pil_mllama`. Returning `is_flash_linear_attention_available` instead. Behavior may be different and this alias will be removed in future versions.\n"}
,{"stream_name":"stderr","time":91.254649432,"data":"\n"}
,{"stream_name":"stderr","time":91.254654526,"data":"Accessing `is_flash_linear_attention_available` from `.models.mllama.image_processing_pil_mllama`. Returning `is_flash_linear_attention_available` instead. Behavior may be different and this alias will be removed in future versions.\n"}
,{"stream_name":"stderr","time":91.255544958,"data":"Accessing `is_flash_linear_attention_available` from `.models.mobilenet_v1.image_processing_mobilenet_pil_v1`. Returning `is_flash_linear_attention_available` instead. Behavior may be different and this alias will be removed in future versions.\n"}
,{"stream_name":"stderr","time":91.255564137,"data":"\n"}
,{"stream_name":"stderr","time":91.255569217,"data":"Accessing `is_flash_linear_attention_available` from `.models.mobilenet_v1.image_processing_mobilenet_pil_v1`. Returning `is_flash_linear_attention_available` instead. Behavior may be different and this alias will be removed in future versions.\n"}
,{"stream_name":"stderr","time":91.25658451,"data":"Accessing `is_flash_linear_attention_available` from `.models.mobilenet_v1.image_processing_mobilenet_v1`. Returning `is_flash_linear_attention_available` instead. Behavior may be different and this alias will be removed in future versions.\n"}
,{"stream_name":"stderr","time":91.25660303,"data":"\n"}
,{"stream_name":"stderr","time":91.256651016,"data":"Accessing `is_flash_linear_attention_available` from `.models.mobilenet_v1.image_processing_mobilenet_v1`. Returning `is_flash_linear_attention_available` instead. Behavior may be different and this alias will be removed in future versions.\n"}
,{"stream_name":"stderr","time":91.257551386,"data":"Accessing `is_flash_linear_attention_available` from `.models.mobilenet_v2.image_processing_mobilenet_v2`. Returning `is_flash_linear_attention_available` instead. Behavior may be different and this alias will be removed in future versions.\n"}
,{"stream_name":"stderr","time":91.257569927,"data":"\n"}
,{"stream_name":"stderr","time":91.257574866,"data":"Accessing `is_flash_linear_attention_available` from `.models.mobilenet_v2.image_processing_mobilenet_v2`. Returning `is_flash_linear_attention_available` instead. Behavior may be different and this alias will be removed in future versions.\n"}
,{"stream_name":"stderr","time":91.258497933,"data":"Accessing `is_flash_linear_attention_available` from `.models.mobilenet_v2.image_processing_pil_mobilenet_v2`. Returning `is_flash_linear_attention_available` instead. Behavior may be different and this alias will be removed in future versions.\n"}
,{"stream_name":"stderr","time":91.258525206,"data":"\n"}
,{"stream_name":"stderr","time":91.258531234,"data":"Accessing `is_flash_linear_attention_available` from `.models.mobilenet_v2.image_processing_pil_mobilenet_v2`. Returning `is_flash_linear_attention_available` instead. Behavior may be different and this alias will be removed in future versions.\n"}
,{"stream_name":"stderr","time":91.259481251,"data":"Accessing `is_flash_linear_attention_available` from `.models.mobilevit.image_processing_mobilevit`. Returning `is_flash_linear_attention_available` instead. Behavior may be different and this alias will be removed in future versions.\n"}
,{"stream_name":"stderr","time":91.259499307,"data":"\n"}
,{"stream_name":"stderr","time":91.259504046,"data":"Accessing `is_flash_linear_attention_available` from `.models.mobilevit.image_processing_mobilevit`. Returning `is_flash_linear_attention_available` instead. Behavior may be different and this alias will be removed in future versions.\n"}
,{"stream_name":"stderr","time":91.260381943,"data":"Accessing `is_flash_linear_attention_available` from `.models.mobilevit.image_processing_pil_mobilevit`. Returning `is_flash_linear_attention_available` instead. Behavior may be different and this alias will be removed in future versions.\n"}
,{"stream_name":"stderr","time":91.260400329,"data":"\n"}
,{"stream_name":"stderr","time":91.260413922,"data":"Accessing `is_flash_linear_attention_available` from `.models.mobilevit.image_processing_pil_mobilevit`. Returning `is_flash_linear_attention_available` instead. Behavior may be different and this alias will be removed in future versions.\n"}
,{"stream_name":"stderr","time":91.261303626,"data":"Accessing `is_flash_linear_attention_available` from `.models.nougat.image_processing_nougat`. Returning `is_flash_linear_attention_available` instead. Behavior may be different and this alias will be removed in future versions.\n"}
,{"stream_name":"stderr","time":91.261322599,"data":"\n"}
,{"stream_name":"stderr","time":91.261327528,"data":"Accessing `is_flash_linear_attention_available` from `.models.nougat.image_processing_nougat`. Returning `is_flash_linear_attention_available` instead. Behavior may be different and this alias will be removed in future versions.\n"}
,{"stream_name":"stderr","time":91.262182642,"data":"Accessing `is_flash_linear_attention_available` from `.models.nougat.image_processing_pil_nougat`. Returning `is_flash_linear_attention_available` instead. Behavior may be different and this alias will be removed in future versions.\n"}
,{"stream_name":"stderr","time":91.262201098,"data":"\n"}
,{"stream_name":"stderr","time":91.262206365,"data":"Accessing `is_flash_linear_attention_available` from `.models.nougat.image_processing_pil_nougat`. Returning `is_flash_linear_attention_available` instead. Behavior may be different and this alias will be removed in future versions.\n"}
,{"stream_name":"stderr","time":91.263178467,"data":"Accessing `is_flash_linear_attention_available` from `.models.oneformer.image_processing_oneformer`. Returning `is_flash_linear_attention_available` instead. Behavior may be different and this alias will be removed in future versions.\n"}
,{"stream_name":"stderr","time":91.263197336,"data":"\n"}
,{"stream_name":"stderr","time":91.263226104,"data":"Accessing `is_flash_linear_attention_available` from `.models.oneformer.image_processing_oneformer`. Returning `is_flash_linear_attention_available` instead. Behavior may be different and this alias will be removed in future versions.\n"}
,{"stream_name":"stderr","time":91.264124263,"data":"Accessing `is_flash_linear_attention_available` from `.models.oneformer.image_processing_pil_oneformer`. Returning `is_flash_linear_attention_available` instead. Behavior may be different and this alias will be removed in future versions.\n"}
,{"stream_name":"stderr","time":91.264152474,"data":"\n"}
,{"stream_name":"stderr","time":91.264157863,"data":"Accessing `is_flash_linear_attention_available` from `.models.oneformer.image_processing_pil_oneformer`. Returning `is_flash_linear_attention_available` instead. Behavior may be different and this alias will be removed in future versions.\n"}
,{"stream_name":"stderr","time":91.265102067,"data":"Accessing `is_flash_linear_attention_available` from `.models.ovis2.image_processing_ovis2`. Returning `is_flash_linear_attention_available` instead. Behavior may be different and this alias will be removed in future versions.\n"}
,{"stream_name":"stderr","time":91.26512013,"data":"\n"}
,{"stream_name":"stderr","time":91.265125165,"data":"Accessing `is_flash_linear_attention_available` from `.models.ovis2.image_processing_ovis2`. Returning `is_flash_linear_attention_available` instead. Behavior may be different and this alias will be removed in future versions.\n"}
,{"stream_name":"stderr","time":91.265966636,"data":"Accessing `is_flash_linear_attention_available` from `.models.ovis2.image_processing_pil_ovis2`. Returning `is_flash_linear_attention_available` instead. Behavior may be different and this alias will be removed in future versions.\n"}
,{"stream_name":"stderr","time":91.265984662,"data":"\n"}
,{"stream_name":"stderr","time":91.26598986,"data":"Accessing `is_flash_linear_attention_available` from `.models.ovis2.image_processing_pil_ovis2`. Returning `is_flash_linear_attention_available` instead. Behavior may be different and this alias will be removed in future versions.\n"}
,{"stream_name":"stderr","time":91.267031819,"data":"Accessing `is_flash_linear_attention_available` from `.models.owlv2.image_processing_owlv2`. Returning `is_flash_linear_attention_available` instead. Behavior may be different and this alias will be removed in future versions.\n"}
,{"stream_name":"stderr","time":91.267049898,"data":"\n"}
,{"stream_name":"stderr","time":91.267054862,"data":"Accessing `is_flash_linear_attention_available` from `.models.owlv2.image_processing_owlv2`. Returning `is_flash_linear_attention_available` instead. Behavior may be different and this alias will be removed in future versions.\n"}
,{"stream_name":"stderr","time":91.267787433,"data":"Accessing `is_flash_linear_attention_available` from `.models.owlv2.image_processing_pil_owlv2`. Returning `is_flash_linear_attention_available` instead. Behavior may be different and this alias will be removed in future versions.\n"}
,{"stream_name":"stderr","time":91.267800687,"data":"\n"}
,{"stream_name":"stderr","time":91.267805313,"data":"Accessing `is_flash_linear_attention_available` from `.models.owlv2.image_processing_pil_owlv2`. Returning `is_flash_linear_attention_available` instead. Behavior may be different and this alias will be removed in future versions.\n"}
,{"stream_name":"stderr","time":91.268658212,"data":"Accessing `is_flash_linear_attention_available` from `.models.owlvit.image_processing_owlvit`. Returning `is_flash_linear_attention_available` instead. Behavior may be different and this alias will be removed in future versions.\n"}
,{"stream_name":"stderr","time":91.26867536,"data":"\n"}
,{"stream_name":"stderr","time":91.268679772,"data":"Accessing `is_flash_linear_attention_available` from `.models.owlvit.image_processing_owlvit`. Returning `is_flash_linear_attention_available` instead. Behavior may be different and this alias will be removed in future versions.\n"}
,{"stream_name":"stderr","time":91.26958456,"data":"Accessing `is_flash_linear_attention_available` from `.models.owlvit.image_processing_pil_owlvit`. Returning `is_flash_linear_attention_available` instead. Behavior may be different and this alias will be removed in future versions.\n"}
,{"stream_name":"stderr","time":91.269657326,"data":"\n"}
,{"stream_name":"stderr","time":91.269665517,"data":"Accessing `is_flash_linear_attention_available` from `.models.owlvit.image_processing_pil_owlvit`. Returning `is_flash_linear_attention_available` instead. Behavior may be different and this alias will be removed in future versions.\n"}
,{"stream_name":"stderr","time":91.27043262,"data":"Accessing `is_flash_linear_attention_available` from `.models.paddleocr_vl.image_processing_paddleocr_vl`. Returning `is_flash_linear_attention_available` instead. Behavior may be different and this alias will be removed in future versions.\n"}
,{"stream_name":"stderr","time":91.270450393,"data":"\n"}
,{"stream_name":"stderr","time":91.270455117,"data":"Accessing `is_flash_linear_attention_available` from `.models.paddleocr_vl.image_processing_paddleocr_vl`. Returning `is_flash_linear_attention_available` instead. Behavior may be different and this alias will be removed in future versions.\n"}
,{"stream_name":"stderr","time":91.271377636,"data":"Accessing `is_flash_linear_attention_available` from `.models.paddleocr_vl.image_processing_pil_paddleocr_vl`. Returning `is_flash_linear_attention_available` instead. Behavior may be different and this alias will be removed in future versions.\n"}
,{"stream_name":"stderr","time":91.271395144,"data":"\n"}
,{"stream_name":"stderr","time":91.271399858,"data":"Accessing `is_flash_linear_attention_available` from `.models.paddleocr_vl.image_processing_pil_paddleocr_vl`. Returning `is_flash_linear_attention_available` instead. Behavior may be different and this alias will be removed in future versions.\n"}
,{"stream_name":"stderr","time":91.27221341,"data":"Accessing `is_flash_linear_attention_available` from `.models.perceiver.image_processing_perceiver`. Returning `is_flash_linear_attention_available` instead. Behavior may be different and this alias will be removed in future versions.\n"}
,{"stream_name":"stderr","time":91.272234637,"data":"\n"}
,{"stream_name":"stderr","time":91.272239485,"data":"Accessing `is_flash_linear_attention_available` from `.models.perceiver.image_processing_perceiver`. Returning `is_flash_linear_attention_available` instead. Behavior may be different and this alias will be removed in future versions.\n"}
,{"stream_name":"stderr","time":91.273020205,"data":"Accessing `is_flash_linear_attention_available` from `.models.perceiver.image_processing_pil_perceiver`. Returning `is_flash_linear_attention_available` instead. Behavior may be different and this alias will be removed in future versions.\n"}
,{"stream_name":"stderr","time":91.273037653,"data":"\n"}
,{"stream_name":"stderr","time":91.273042713,"data":"Accessing `is_flash_linear_attention_available` from `.models.perceiver.image_processing_pil_perceiver`. Returning `is_flash_linear_attention_available` instead. Behavior may be different and this alias will be removed in future versions.\n"}
,{"stream_name":"stderr","time":91.273798167,"data":"Accessing `is_flash_linear_attention_available` from `.models.perception_lm.image_processing_perception_lm`. Returning `is_flash_linear_attention_available` instead. Behavior may be different and this alias will be removed in future versions.\n"}
,{"stream_name":"stderr","time":91.273839972,"data":"\n"}
,{"stream_name":"stderr","time":91.273852074,"data":"Accessing `is_flash_linear_attention_available` from `.models.perception_lm.image_processing_perception_lm`. Returning `is_flash_linear_attention_available` instead. Behavior may be different and this alias will be removed in future versions.\n"}
,{"stream_name":"stderr","time":91.274597364,"data":"Accessing `is_flash_linear_attention_available` from `.models.phi4_multimodal.image_processing_phi4_multimodal`. Returning `is_flash_linear_attention_available` instead. Behavior may be different and this alias will be removed in future versions.\n"}
,{"stream_name":"stderr","time":91.274627578,"data":"\n"}
,{"stream_name":"stderr","time":91.274632584,"data":"Accessing `is_flash_linear_attention_available` from `.models.phi4_multimodal.image_processing_phi4_multimodal`. Returning `is_flash_linear_attention_available` instead. Behavior may be different and this alias will be removed in future versions.\n"}
,{"stream_name":"stderr","time":91.275505341,"data":"Accessing `is_flash_linear_attention_available` from `.models.pi0.image_processing_pi0`. Returning `is_flash_linear_attention_available` instead. Behavior may be different and this alias will be removed in future versions.\n"}
,{"stream_name":"stderr","time":91.275522626,"data":"\n"}
,{"stream_name":"stderr","time":91.275527393,"data":"Accessing `is_flash_linear_attention_available` from `.models.pi0.image_processing_pi0`. Returning `is_flash_linear_attention_available` instead. Behavior may be different and this alias will be removed in future versions.\n"}
,{"stream_name":"stderr","time":91.276356776,"data":"Accessing `is_flash_linear_attention_available` from `.models.pix2struct.image_processing_pil_pix2struct`. Returning `is_flash_linear_attention_available` instead. Behavior may be different and this alias will be removed in future versions.\n"}
,{"stream_name":"stderr","time":91.276374833,"data":"\n"}
,{"stream_name":"stderr","time":91.276379625,"data":"Accessing `is_flash_linear_attention_available` from `.models.pix2struct.image_processing_pil_pix2struct`. Returning `is_flash_linear_attention_available` instead. Behavior may be different and this alias will be removed in future versions.\n"}
,{"stream_name":"stderr","time":91.27728976,"data":"Accessing `is_flash_linear_attention_available` from `.models.pix2struct.image_processing_pix2struct`. Returning `is_flash_linear_attention_available` instead. Behavior may be different and this alias will be removed in future versions.\n"}
,{"stream_name":"stderr","time":91.277307876,"data":"\n"}
,{"stream_name":"stderr","time":91.277312646,"data":"Accessing `is_flash_linear_attention_available` from `.models.pix2struct.image_processing_pix2struct`. Returning `is_flash_linear_attention_available` instead. Behavior may be different and this alias will be removed in future versions.\n"}
,{"stream_name":"stderr","time":91.278177802,"data":"Accessing `is_flash_linear_attention_available` from `.models.pixtral.image_processing_pil_pixtral`. Returning `is_flash_linear_attention_available` instead. Behavior may be different and this alias will be removed in future versions.\n"}
,{"stream_name":"stderr","time":91.278194939,"data":"\n"}
,{"stream_name":"stderr","time":91.278199979,"data":"Accessing `is_flash_linear_attention_available` from `.models.pixtral.image_processing_pil_pixtral`. Returning `is_flash_linear_attention_available` instead. Behavior may be different and this alias will be removed in future versions.\n"}
,{"stream_name":"stderr","time":91.279079674,"data":"Accessing `is_flash_linear_attention_available` from `.models.pixtral.image_processing_pixtral`. Returning `is_flash_linear_attention_available` instead. Behavior may be different and this alias will be removed in future versions.\n"}
,{"stream_name":"stderr","time":91.279096934,"data":"\n"}
,{"stream_name":"stderr","time":91.279101724,"data":"Accessing `is_flash_linear_attention_available` from `.models.pixtral.image_processing_pixtral`. Returning `is_flash_linear_attention_available` instead. Behavior may be different and this alias will be removed in future versions.\n"}
,{"stream_name":"stderr","time":91.279884289,"data":"Accessing `is_flash_linear_attention_available` from `.models.poolformer.image_processing_pil_poolformer`. Returning `is_flash_linear_attention_available` instead. Behavior may be different and this alias will be removed in future versions.\n"}
,{"stream_name":"stderr","time":91.279909464,"data":"\n"}
,{"stream_name":"stderr","time":91.279914621,"data":"Accessing `is_flash_linear_attention_available` from `.models.poolformer.image_processing_pil_poolformer`. Returning `is_flash_linear_attention_available` instead. Behavior may be different and this alias will be removed in future versions.\n"}
,{"stream_name":"stderr","time":91.281069349,"data":"Accessing `is_flash_linear_attention_available` from `.models.poolformer.image_processing_poolformer`. Returning `is_flash_linear_attention_available` instead. Behavior may be different and this alias will be removed in future versions.\n"}
,{"stream_name":"stderr","time":91.281089281,"data":"\n"}
,{"stream_name":"stderr","time":91.281095616,"data":"Accessing `is_flash_linear_attention_available` from `.models.poolformer.image_processing_poolformer`. Returning `is_flash_linear_attention_available` instead. Behavior may be different and this alias will be removed in future versions.\n"}
,{"stream_name":"stderr","time":91.282211962,"data":"Accessing `is_flash_linear_attention_available` from `.models.pp_chart2table.image_processing_pil_pp_chart2table`. Returning `is_flash_linear_attention_available` instead. Behavior may be different and this alias will be removed in future versions.\n"}
,{"stream_name":"stderr","time":91.282229588,"data":"\n"}
,{"stream_name":"stderr","time":91.282234465,"data":"Accessing `is_flash_linear_attention_available` from `.models.pp_chart2table.image_processing_pil_pp_chart2table`. Returning `is_flash_linear_attention_available` instead. Behavior may be different and this alias will be removed in future versions.\n"}
,{"stream_name":"stderr","time":91.283340845,"data":"Accessing `is_flash_linear_attention_available` from `.models.pp_chart2table.image_processing_pp_chart2table`. Returning `is_flash_linear_attention_available` instead. Behavior may be different and this alias will be removed in future versions.\n"}
,{"stream_name":"stderr","time":91.283357352,"data":"\n"}
,{"stream_name":"stderr","time":91.283362242,"data":"Accessing `is_flash_linear_attention_available` from `.models.pp_chart2table.image_processing_pp_chart2table`. Returning `is_flash_linear_attention_available` instead. Behavior may be different and this alias will be removed in future versions.\n"}
,{"stream_name":"stderr","time":91.284799213,"data":"Accessing `is_flash_linear_attention_available` from `.models.pp_doclayout_v2.image_processing_pp_doclayout_v2`. Returning `is_flash_linear_attention_available` instead. Behavior may be different and this alias will be removed in future versions.\n"}
,{"stream_name":"stderr","time":91.284844874,"data":"\n"}
,{"stream_name":"stderr","time":91.284851234,"data":"Accessing `is_flash_linear_attention_available` from `.models.pp_doclayout_v2.image_processing_pp_doclayout_v2`. Returning `is_flash_linear_attention_available` instead. Behavior may be different and this alias will be removed in future versions.\n"}
,{"stream_name":"stderr","time":91.285960023,"data":"Accessing `is_flash_linear_attention_available` from `.models.pp_doclayout_v3.image_processing_pp_doclayout_v3`. Returning `is_flash_linear_attention_available` instead. Behavior may be different and this alias will be removed in future versions.\n"}
,{"stream_name":"stderr","time":91.285976503,"data":"\n"}
,{"stream_name":"stderr","time":91.285981968,"data":"Accessing `is_flash_linear_attention_available` from `.models.pp_doclayout_v3.image_processing_pp_doclayout_v3`. Returning `is_flash_linear_attention_available` instead. Behavior may be different and this alias will be removed in future versions.\n"}
,{"stream_name":"stderr","time":91.287153667,"data":"Accessing `is_flash_linear_attention_available` from `.models.pp_lcnet.image_processing_pp_lcnet`. Returning `is_flash_linear_attention_available` instead. Behavior may be different and this alias will be removed in future versions.\n"}
,{"stream_name":"stderr","time":91.287182443,"data":"\n"}
,{"stream_name":"stderr","time":91.28718848,"data":"Accessing `is_flash_linear_attention_available` from `.models.pp_lcnet.image_processing_pp_lcnet`. Returning `is_flash_linear_attention_available` instead. Behavior may be different and this alias will be removed in future versions.\n"}
,{"stream_name":"stderr","time":91.288399781,"data":"Accessing `is_flash_linear_attention_available` from `.models.pp_ocrv5_server_det.image_processing_pp_ocrv5_server_det`. Returning `is_flash_linear_attention_available` instead. Behavior may be different and this alias will be removed in future versions.\n"}
,{"stream_name":"stderr","time":91.288417175,"data":"\n"}
,{"stream_name":"stderr","time":91.288422431,"data":"Accessing `is_flash_linear_attention_available` from `.models.pp_ocrv5_server_det.image_processing_pp_ocrv5_server_det`. Returning `is_flash_linear_attention_available` instead. Behavior may be different and this alias will be removed in future versions.\n"}
,{"stream_name":"stderr","time":91.289367412,"data":"Accessing `is_flash_linear_attention_available` from `.models.pp_ocrv5_server_rec.image_processing_pp_ocrv5_server_rec`. Returning `is_flash_linear_attention_available` instead. Behavior may be different and this alias will be removed in future versions.\n"}
,{"stream_name":"stderr","time":91.289395785,"data":"\n"}
,{"stream_name":"stderr","time":91.289401077,"data":"Accessing `is_flash_linear_attention_available` from `.models.pp_ocrv5_server_rec.image_processing_pp_ocrv5_server_rec`. Returning `is_flash_linear_attention_available` instead. Behavior may be different and this alias will be removed in future versions.\n"}
,{"stream_name":"stderr","time":91.290551595,"data":"Accessing `is_flash_linear_attention_available` from `.models.prompt_depth_anything.image_processing_pil_prompt_depth_anything`. Returning `is_flash_linear_attention_available` instead. Behavior may be different and this alias will be removed in future versions.\n"}
,{"stream_name":"stderr","time":91.290577785,"data":"\n"}
,{"stream_name":"stderr","time":91.290581835,"data":"Accessing `is_flash_linear_attention_available` from `.models.prompt_depth_anything.image_processing_pil_prompt_depth_anything`. Returning `is_flash_linear_attention_available` instead. Behavior may be different and this alias will be removed in future versions.\n"}
,{"stream_name":"stderr","time":91.291496274,"data":"Accessing `is_flash_linear_attention_available` from `.models.prompt_depth_anything.image_processing_prompt_depth_anything`. Returning `is_flash_linear_attention_available` instead. Behavior may be different and this alias will be removed in future versions.\n"}
,{"stream_name":"stderr","time":91.291512034,"data":"\n"}
,{"stream_name":"stderr","time":91.291516694,"data":"Accessing `is_flash_linear_attention_available` from `.models.prompt_depth_anything.image_processing_prompt_depth_anything`. Returning `is_flash_linear_attention_available` instead. Behavior may be different and this alias will be removed in future versions.\n"}
,{"stream_name":"stderr","time":91.292573966,"data":"Accessing `is_flash_linear_attention_available` from `.models.pvt.image_processing_pil_pvt`. Returning `is_flash_linear_attention_available` instead. Behavior may be different and this alias will be removed in future versions.\n"}
,{"stream_name":"stderr","time":91.292605233,"data":"\n"}
,{"stream_name":"stderr","time":91.292610619,"data":"Accessing `is_flash_linear_attention_available` from `.models.pvt.image_processing_pil_pvt`. Returning `is_flash_linear_attention_available` instead. Behavior may be different and this alias will be removed in future versions.\n"}
,{"stream_name":"stderr","time":91.293581176,"data":"Accessing `is_flash_linear_attention_available` from `.models.pvt.image_processing_pvt`. Returning `is_flash_linear_attention_available` instead. Behavior may be different and this alias will be removed in future versions.\n"}
,{"stream_name":"stderr","time":91.293594213,"data":"\n"}
,{"stream_name":"stderr","time":91.293614491,"data":"Accessing `is_flash_linear_attention_available` from `.models.pvt.image_processing_pvt`. Returning `is_flash_linear_attention_available` instead. Behavior may be different and this alias will be removed in future versions.\n"}
,{"stream_name":"stderr","time":91.294624889,"data":"Accessing `is_flash_linear_attention_available` from `.models.qwen2_vl.image_processing_pil_qwen2_vl`. Returning `is_flash_linear_attention_available` instead. Behavior may be different and this alias will be removed in future versions.\n"}
,{"stream_name":"stderr","time":91.294654559,"data":"\n"}
,{"stream_name":"stderr","time":91.294659849,"data":"Accessing `is_flash_linear_attention_available` from `.models.qwen2_vl.image_processing_pil_qwen2_vl`. Returning `is_flash_linear_attention_available` instead. Behavior may be different and this alias will be removed in future versions.\n"}
,{"stream_name":"stderr","time":91.29563357,"data":"Accessing `is_flash_linear_attention_available` from `.models.qwen2_vl.image_processing_qwen2_vl`. Returning `is_flash_linear_attention_available` instead. Behavior may be different and this alias will be removed in future versions.\n"}
,{"stream_name":"stderr","time":91.295646319,"data":"\n"}
,{"stream_name":"stderr","time":91.295652562,"data":"Accessing `is_flash_linear_attention_available` from `.models.qwen2_vl.image_processing_qwen2_vl`. Returning `is_flash_linear_attention_available` instead. Behavior may be different and this alias will be removed in future versions.\n"}
,{"stream_name":"stderr","time":91.296685428,"data":"Accessing `is_flash_linear_attention_available` from `.models.rt_detr.image_processing_pil_rt_detr`. Returning `is_flash_linear_attention_available` instead. Behavior may be different and this alias will be removed in future versions.\n"}
,{"stream_name":"stderr","time":91.296714142,"data":"\n"}
,{"stream_name":"stderr","time":91.296719172,"data":"Accessing `is_flash_linear_attention_available` from `.models.rt_detr.image_processing_pil_rt_detr`. Returning `is_flash_linear_attention_available` instead. Behavior may be different and this alias will be removed in future versions.\n"}
,{"stream_name":"stderr","time":91.297759167,"data":"Accessing `is_flash_linear_attention_available` from `.models.rt_detr.image_processing_rt_detr`. Returning `is_flash_linear_attention_available` instead. Behavior may be different and this alias will be removed in future versions.\n"}
,{"stream_name":"stderr","time":91.297771913,"data":"\n"}
,{"stream_name":"stderr","time":91.297776924,"data":"Accessing `is_flash_linear_attention_available` from `.models.rt_detr.image_processing_rt_detr`. Returning `is_flash_linear_attention_available` instead. Behavior may be different and this alias will be removed in future versions.\n"}
,{"stream_name":"stderr","time":91.298868391,"data":"Accessing `is_flash_linear_attention_available` from `.models.sam.image_processing_pil_sam`. Returning `is_flash_linear_attention_available` instead. Behavior may be different and this alias will be removed in future versions.\n"}
,{"stream_name":"stderr","time":91.298886141,"data":"\n"}
,{"stream_name":"stderr","time":91.298889991,"data":"Accessing `is_flash_linear_attention_available` from `.models.sam.image_processing_pil_sam`. Returning `is_flash_linear_attention_available` instead. Behavior may be different and this alias will be removed in future versions.\n"}
,{"stream_name":"stderr","time":91.299840706,"data":"Accessing `is_flash_linear_attention_available` from `.models.sam.image_processing_sam`. Returning `is_flash_linear_attention_available` instead. Behavior may be different and this alias will be removed in future versions.\n"}
,{"stream_name":"stderr","time":91.299862236,"data":"\n"}
,{"stream_name":"stderr","time":91.299866803,"data":"Accessing `is_flash_linear_attention_available` from `.models.sam.image_processing_sam`. Returning `is_flash_linear_attention_available` instead. Behavior may be different and this alias will be removed in future versions.\n"}
,{"stream_name":"stderr","time":91.300893865,"data":"Accessing `is_flash_linear_attention_available` from `.models.sam2.image_processing_sam2`. Returning `is_flash_linear_attention_available` instead. Behavior may be different and this alias will be removed in future versions.\n"}
,{"stream_name":"stderr","time":91.300910877,"data":"\n"}
,{"stream_name":"stderr","time":91.300915726,"data":"Accessing `is_flash_linear_attention_available` from `.models.sam2.image_processing_sam2`. Returning `is_flash_linear_attention_available` instead. Behavior may be different and this alias will be removed in future versions.\n"}
,{"stream_name":"stderr","time":91.301896346,"data":"Accessing `is_flash_linear_attention_available` from `.models.sam3.image_processing_sam3`. Returning `is_flash_linear_attention_available` instead. Behavior may be different and this alias will be removed in future versions.\n"}
,{"stream_name":"stderr","time":91.301909459,"data":"\n"}
,{"stream_name":"stderr","time":91.301914663,"data":"Accessing `is_flash_linear_attention_available` from `.models.sam3.image_processing_sam3`. Returning `is_flash_linear_attention_available` instead. Behavior may be different and this alias will be removed in future versions.\n"}
,{"stream_name":"stderr","time":91.302927367,"data":"Accessing `is_flash_linear_attention_available` from `.models.segformer.image_processing_pil_segformer`. Returning `is_flash_linear_attention_available` instead. Behavior may be different and this alias will be removed in future versions.\n"}
,{"stream_name":"stderr","time":91.302944454,"data":"\n"}
,{"stream_name":"stderr","time":91.302947279,"data":"Accessing `is_flash_linear_attention_available` from `.models.segformer.image_processing_pil_segformer`. Returning `is_flash_linear_attention_available` instead. Behavior may be different and this alias will be removed in future versions.\n"}
,{"stream_name":"stderr","time":91.303928029,"data":"Accessing `is_flash_linear_attention_available` from `.models.segformer.image_processing_segformer`. Returning `is_flash_linear_attention_available` instead. Behavior may be different and this alias will be removed in future versions.\n"}
,{"stream_name":"stderr","time":91.30394117,"data":"\n"}
,{"stream_name":"stderr","time":91.303950949,"data":"Accessing `is_flash_linear_attention_available` from `.models.segformer.image_processing_segformer`. Returning `is_flash_linear_attention_available` instead. Behavior may be different and this alias will be removed in future versions.\n"}
,{"stream_name":"stderr","time":91.304980009,"data":"Accessing `is_flash_linear_attention_available` from `.models.seggpt.image_processing_pil_seggpt`. Returning `is_flash_linear_attention_available` instead. Behavior may be different and this alias will be removed in future versions.\n"}
,{"stream_name":"stderr","time":91.304995463,"data":"\n"}
,{"stream_name":"stderr","time":91.305035294,"data":"Accessing `is_flash_linear_attention_available` from `.models.seggpt.image_processing_pil_seggpt`. Returning `is_flash_linear_attention_available` instead. Behavior may be different and this alias will be removed in future versions.\n"}
,{"stream_name":"stderr","time":91.306048529,"data":"Accessing `is_flash_linear_attention_available` from `.models.seggpt.image_processing_seggpt`. Returning `is_flash_linear_attention_available` instead. Behavior may be different and this alias will be removed in future versions.\n"}
,{"stream_name":"stderr","time":91.306075691,"data":"\n"}
,{"stream_name":"stderr","time":91.306079871,"data":"Accessing `is_flash_linear_attention_available` from `.models.seggpt.image_processing_seggpt`. Returning `is_flash_linear_attention_available` instead. Behavior may be different and this alias will be removed in future versions.\n"}
,{"stream_name":"stderr","time":91.307113746,"data":"Accessing `is_flash_linear_attention_available` from `.models.siglip.image_processing_pil_siglip`. Returning `is_flash_linear_attention_available` instead. Behavior may be different and this alias will be removed in future versions.\n"}
,{"stream_name":"stderr","time":91.307132427,"data":"\n"}
,{"stream_name":"stderr","time":91.307150444,"data":"Accessing `is_flash_linear_attention_available` from `.models.siglip.image_processing_pil_siglip`. Returning `is_flash_linear_attention_available` instead. Behavior may be different and this alias will be removed in future versions.\n"}
,{"stream_name":"stderr","time":91.308194013,"data":"Accessing `is_flash_linear_attention_available` from `.models.siglip.image_processing_siglip`. Returning `is_flash_linear_attention_available` instead. Behavior may be different and this alias will be removed in future versions.\n"}
,{"stream_name":"stderr","time":91.308207414,"data":"\n"}
,{"stream_name":"stderr","time":91.308211719,"data":"Accessing `is_flash_linear_attention_available` from `.models.siglip.image_processing_siglip`. Returning `is_flash_linear_attention_available` instead. Behavior may be different and this alias will be removed in future versions.\n"}
,{"stream_name":"stderr","time":91.309237497,"data":"Accessing `is_flash_linear_attention_available` from `.models.siglip2.image_processing_pil_siglip2`. Returning `is_flash_linear_attention_available` instead. Behavior may be different and this alias will be removed in future versions.\n"}
,{"stream_name":"stderr","time":91.309250297,"data":"\n"}
,{"stream_name":"stderr","time":91.309258965,"data":"Accessing `is_flash_linear_attention_available` from `.models.siglip2.image_processing_pil_siglip2`. Returning `is_flash_linear_attention_available` instead. Behavior may be different and this alias will be removed in future versions.\n"}
,{"stream_name":"stderr","time":91.310314377,"data":"Accessing `is_flash_linear_attention_available` from `.models.siglip2.image_processing_siglip2`. Returning `is_flash_linear_attention_available` instead. Behavior may be different and this alias will be removed in future versions.\n"}
,{"stream_name":"stderr","time":91.310327416,"data":"\n"}
,{"stream_name":"stderr","time":91.310339699,"data":"Accessing `is_flash_linear_attention_available` from `.models.siglip2.image_processing_siglip2`. Returning `is_flash_linear_attention_available` instead. Behavior may be different and this alias will be removed in future versions.\n"}
,{"stream_name":"stderr","time":91.31141703,"data":"Accessing `is_flash_linear_attention_available` from `.models.slanext.image_processing_slanext`. Returning `is_flash_linear_attention_available` instead. Behavior may be different and this alias will be removed in future versions.\n"}
,{"stream_name":"stderr","time":91.311444876,"data":"\n"}
,{"stream_name":"stderr","time":91.311449877,"data":"Accessing `is_flash_linear_attention_available` from `.models.slanext.image_processing_slanext`. Returning `is_flash_linear_attention_available` instead. Behavior may be different and this alias will be removed in future versions.\n"}
,{"stream_name":"stderr","time":91.312438463,"data":"Accessing `is_flash_linear_attention_available` from `.models.smolvlm.image_processing_pil_smolvlm`. Returning `is_flash_linear_attention_available` instead. Behavior may be different and this alias will be removed in future versions.\n"}
,{"stream_name":"stderr","time":91.312476268,"data":"\n"}
,{"stream_name":"stderr","time":91.312482077,"data":"Accessing `is_flash_linear_attention_available` from `.models.smolvlm.image_processing_pil_smolvlm`. Returning `is_flash_linear_attention_available` instead. Behavior may be different and this alias will be removed in future versions.\n"}
,{"stream_name":"stderr","time":91.313491581,"data":"Accessing `is_flash_linear_attention_available` from `.models.smolvlm.image_processing_smolvlm`. Returning `is_flash_linear_attention_available` instead. Behavior may be different and this alias will be removed in future versions.\n"}
,{"stream_name":"stderr","time":91.313506565,"data":"\n"}
,{"stream_name":"stderr","time":91.313511521,"data":"Accessing `is_flash_linear_attention_available` from `.models.smolvlm.image_processing_smolvlm`. Returning `is_flash_linear_attention_available` instead. Behavior may be different and this alias will be removed in future versions.\n"}
,{"stream_name":"stderr","time":91.314519759,"data":"Accessing `is_flash_linear_attention_available` from `.models.superglue.image_processing_pil_superglue`. Returning `is_flash_linear_attention_available` instead. Behavior may be different and this alias will be removed in future versions.\n"}
,{"stream_name":"stderr","time":91.314532861,"data":"\n"}
,{"stream_name":"stderr","time":91.314537282,"data":"Accessing `is_flash_linear_attention_available` from `.models.superglue.image_processing_pil_superglue`. Returning `is_flash_linear_attention_available` instead. Behavior may be different and this alias will be removed in future versions.\n"}
,{"stream_name":"stderr","time":91.315556075,"data":"Accessing `is_flash_linear_attention_available` from `.models.superglue.image_processing_superglue`. Returning `is_flash_linear_attention_available` instead. Behavior may be different and this alias will be removed in future versions.\n"}
,{"stream_name":"stderr","time":91.315571524,"data":"\n"}
,{"stream_name":"stderr","time":91.315586643,"data":"Accessing `is_flash_linear_attention_available` from `.models.superglue.image_processing_superglue`. Returning `is_flash_linear_attention_available` instead. Behavior may be different and this alias will be removed in future versions.\n"}
,{"stream_name":"stderr","time":91.316576248,"data":"Accessing `is_flash_linear_attention_available` from `.models.superpoint.image_processing_pil_superpoint`. Returning `is_flash_linear_attention_available` instead. Behavior may be different and this alias will be removed in future versions.\n"}
,{"stream_name":"stderr","time":91.316588991,"data":"\n"}
,{"stream_name":"stderr","time":91.316596699,"data":"Accessing `is_flash_linear_attention_available` from `.models.superpoint.image_processing_pil_superpoint`. Returning `is_flash_linear_attention_available` instead. Behavior may be different and this alias will be removed in future versions.\n"}
,{"stream_name":"stderr","time":91.317659395,"data":"Accessing `is_flash_linear_attention_available` from `.models.superpoint.image_processing_superpoint`. Returning `is_flash_linear_attention_available` instead. Behavior may be different and this alias will be removed in future versions.\n"}
,{"stream_name":"stderr","time":91.317688565,"data":"\n"}
,{"stream_name":"stderr","time":91.31769408,"data":"Accessing `is_flash_linear_attention_available` from `.models.superpoint.image_processing_superpoint`. Returning `is_flash_linear_attention_available` instead. Behavior may be different and this alias will be removed in future versions.\n"}
,{"stream_name":"stderr","time":91.318694875,"data":"Accessing `is_flash_linear_attention_available` from `.models.swin2sr.image_processing_pil_swin2sr`. Returning `is_flash_linear_attention_available` instead. Behavior may be different and this alias will be removed in future versions.\n"}
,{"stream_name":"stderr","time":91.31873098,"data":"\n"}
,{"stream_name":"stderr","time":91.318737092,"data":"Accessing `is_flash_linear_attention_available` from `.models.swin2sr.image_processing_pil_swin2sr`. Returning `is_flash_linear_attention_available` instead. Behavior may be different and this alias will be removed in future versions.\n"}
,{"stream_name":"stderr","time":91.319726762,"data":"Accessing `is_flash_linear_attention_available` from `.models.swin2sr.image_processing_swin2sr`. Returning `is_flash_linear_attention_available` instead. Behavior may be different and this alias will be removed in future versions.\n"}
,{"stream_name":"stderr","time":91.319742008,"data":"\n"}
,{"stream_name":"stderr","time":91.31974705,"data":"Accessing `is_flash_linear_attention_available` from `.models.swin2sr.image_processing_swin2sr`. Returning `is_flash_linear_attention_available` instead. Behavior may be different and this alias will be removed in future versions.\n"}
,{"stream_name":"stderr","time":91.32079808,"data":"Accessing `is_flash_linear_attention_available` from `.models.textnet.image_processing_pil_textnet`. Returning `is_flash_linear_attention_available` instead. Behavior may be different and this alias will be removed in future versions.\n"}
,{"stream_name":"stderr","time":91.320815433,"data":"\n"}
,{"stream_name":"stderr","time":91.320847279,"data":"Accessing `is_flash_linear_attention_available` from `.models.textnet.image_processing_pil_textnet`. Returning `is_flash_linear_attention_available` instead. Behavior may be different and this alias will be removed in future versions.\n"}
,{"stream_name":"stderr","time":91.321810493,"data":"Accessing `is_flash_linear_attention_available` from `.models.textnet.image_processing_textnet`. Returning `is_flash_linear_attention_available` instead. Behavior may be different and this alias will be removed in future versions.\n"}
,{"stream_name":"stderr","time":91.321848368,"data":"\n"}
,{"stream_name":"stderr","time":91.321858022,"data":"Accessing `is_flash_linear_attention_available` from `.models.textnet.image_processing_textnet`. Returning `is_flash_linear_attention_available` instead. Behavior may be different and this alias will be removed in future versions.\n"}
,{"stream_name":"stderr","time":91.322864909,"data":"Accessing `is_flash_linear_attention_available` from `.models.timm_wrapper.image_processing_timm_wrapper`. Returning `is_flash_linear_attention_available` instead. Behavior may be different and this alias will be removed in future versions.\n"}
,{"stream_name":"stderr","time":91.322878982,"data":"\n"}
,{"stream_name":"stderr","time":91.322883136,"data":"Accessing `is_flash_linear_attention_available` from `.models.timm_wrapper.image_processing_timm_wrapper`. Returning `is_flash_linear_attention_available` instead. Behavior may be different and this alias will be removed in future versions.\n"}
,{"stream_name":"stderr","time":91.323918902,"data":"Accessing `is_flash_linear_attention_available` from `.models.tvp.image_processing_pil_tvp`. Returning `is_flash_linear_attention_available` instead. Behavior may be different and this alias will be removed in future versions.\n"}
,{"stream_name":"stderr","time":91.323959327,"data":"\n"}
,{"stream_name":"stderr","time":91.323964638,"data":"Accessing `is_flash_linear_attention_available` from `.models.tvp.image_processing_pil_tvp`. Returning `is_flash_linear_attention_available` instead. Behavior may be different and this alias will be removed in future versions.\n"}
,{"stream_name":"stderr","time":91.324920886,"data":"Accessing `is_flash_linear_attention_available` from `.models.tvp.image_processing_tvp`. Returning `is_flash_linear_attention_available` instead. Behavior may be different and this alias will be removed in future versions.\n"}
,{"stream_name":"stderr","time":91.324945337,"data":"\n"}
,{"stream_name":"stderr","time":91.324948912,"data":"Accessing `is_flash_linear_attention_available` from `.models.tvp.image_processing_tvp`. Returning `is_flash_linear_attention_available` instead. Behavior may be different and this alias will be removed in future versions.\n"}
,{"stream_name":"stderr","time":91.326002241,"data":"Accessing `is_flash_linear_attention_available` from `.models.uvdoc.image_processing_uvdoc`. Returning `is_flash_linear_attention_available` instead. Behavior may be different and this alias will be removed in future versions.\n"}
,{"stream_name":"stderr","time":91.326018318,"data":"\n"}
,{"stream_name":"stderr","time":91.326039476,"data":"Accessing `is_flash_linear_attention_available` from `.models.uvdoc.image_processing_uvdoc`. Returning `is_flash_linear_attention_available` instead. Behavior may be different and this alias will be removed in future versions.\n"}
,{"stream_name":"stderr","time":91.327035256,"data":"Accessing `is_flash_linear_attention_available` from `.models.video_llama_3.image_processing_pil_video_llama_3`. Returning `is_flash_linear_attention_available` instead. Behavior may be different and this alias will be removed in future versions.\n"}
,{"stream_name":"stderr","time":91.32704879,"data":"\n"}
,{"stream_name":"stderr","time":91.327053051,"data":"Accessing `is_flash_linear_attention_available` from `.models.video_llama_3.image_processing_pil_video_llama_3`. Returning `is_flash_linear_attention_available` instead. Behavior may be different and this alias will be removed in future versions.\n"}
,{"stream_name":"stderr","time":91.328109274,"data":"Accessing `is_flash_linear_attention_available` from `.models.video_llama_3.image_processing_video_llama_3`. Returning `is_flash_linear_attention_available` instead. Behavior may be different and this alias will be removed in future versions.\n"}
,{"stream_name":"stderr","time":91.328144765,"data":"\n"}
,{"stream_name":"stderr","time":91.328149912,"data":"Accessing `is_flash_linear_attention_available` from `.models.video_llama_3.image_processing_video_llama_3`. Returning `is_flash_linear_attention_available` instead. Behavior may be different and this alias will be removed in future versions.\n"}
,{"stream_name":"stderr","time":91.329251389,"data":"Accessing `is_flash_linear_attention_available` from `.models.video_llava.image_processing_video_llava`. Returning `is_flash_linear_attention_available` instead. Behavior may be different and this alias will be removed in future versions.\n"}
,{"stream_name":"stderr","time":91.329266862,"data":"\n"}
,{"stream_name":"stderr","time":91.329272092,"data":"Accessing `is_flash_linear_attention_available` from `.models.video_llava.image_processing_video_llava`. Returning `is_flash_linear_attention_available` instead. Behavior may be different and this alias will be removed in future versions.\n"}
,{"stream_name":"stderr","time":91.330358827,"data":"Accessing `is_flash_linear_attention_available` from `.models.videomae.image_processing_pil_videomae`. Returning `is_flash_linear_attention_available` instead. Behavior may be different and this alias will be removed in future versions.\n"}
,{"stream_name":"stderr","time":91.330375826,"data":"\n"}
,{"stream_name":"stderr","time":91.330381185,"data":"Accessing `is_flash_linear_attention_available` from `.models.videomae.image_processing_pil_videomae`. Returning `is_flash_linear_attention_available` instead. Behavior may be different and this alias will be removed in future versions.\n"}
,{"stream_name":"stderr","time":91.331435325,"data":"Accessing `is_flash_linear_attention_available` from `.models.videomae.image_processing_videomae`. Returning `is_flash_linear_attention_available` instead. Behavior may be different and this alias will be removed in future versions.\n"}
,{"stream_name":"stderr","time":91.331459157,"data":"\n"}
,{"stream_name":"stderr","time":91.331473926,"data":"Accessing `is_flash_linear_attention_available` from `.models.videomae.image_processing_videomae`. Returning `is_flash_linear_attention_available` instead. Behavior may be different and this alias will be removed in future versions.\n"}
,{"stream_name":"stderr","time":91.332569673,"data":"Accessing `is_flash_linear_attention_available` from `.models.vilt.image_processing_pil_vilt`. Returning `is_flash_linear_attention_available` instead. Behavior may be different and this alias will be removed in future versions.\n"}
,{"stream_name":"stderr","time":91.332585746,"data":"\n"}
,{"stream_name":"stderr","time":91.332590323,"data":"Accessing `is_flash_linear_attention_available` from `.models.vilt.image_processing_pil_vilt`. Returning `is_flash_linear_attention_available` instead. Behavior may be different and this alias will be removed in future versions.\n"}
,{"stream_name":"stderr","time":91.333593109,"data":"Accessing `is_flash_linear_attention_available` from `.models.vilt.image_processing_vilt`. Returning `is_flash_linear_attention_available` instead. Behavior may be different and this alias will be removed in future versions.\n"}
,{"stream_name":"stderr","time":91.333607444,"data":"\n"}
,{"stream_name":"stderr","time":91.333612453,"data":"Accessing `is_flash_linear_attention_available` from `.models.vilt.image_processing_vilt`. Returning `is_flash_linear_attention_available` instead. Behavior may be different and this alias will be removed in future versions.\n"}
,{"stream_name":"stderr","time":91.334641796,"data":"Accessing `is_flash_linear_attention_available` from `.models.vit.image_processing_pil_vit`. Returning `is_flash_linear_attention_available` instead. Behavior may be different and this alias will be removed in future versions.\n"}
,{"stream_name":"stderr","time":91.334669814,"data":"\n"}
,{"stream_name":"stderr","time":91.334675271,"data":"Accessing `is_flash_linear_attention_available` from `.models.vit.image_processing_pil_vit`. Returning `is_flash_linear_attention_available` instead. Behavior may be different and this alias will be removed in future versions.\n"}
,{"stream_name":"stderr","time":91.335648319,"data":"Accessing `is_flash_linear_attention_available` from `.models.vit.image_processing_vit`. Returning `is_flash_linear_attention_available` instead. Behavior may be different and this alias will be removed in future versions.\n"}
,{"stream_name":"stderr","time":91.335661965,"data":"\n"}
,{"stream_name":"stderr","time":91.335670101,"data":"Accessing `is_flash_linear_attention_available` from `.models.vit.image_processing_vit`. Returning `is_flash_linear_attention_available` instead. Behavior may be different and this alias will be removed in future versions.\n"}
,{"stream_name":"stderr","time":91.336770341,"data":"Accessing `is_flash_linear_attention_available` from `.models.vitmatte.image_processing_pil_vitmatte`. Returning `is_flash_linear_attention_available` instead. Behavior may be different and this alias will be removed in future versions.\n"}
,{"stream_name":"stderr","time":91.336785015,"data":"\n"}
,{"stream_name":"stderr","time":91.33678953,"data":"Accessing `is_flash_linear_attention_available` from `.models.vitmatte.image_processing_pil_vitmatte`. Returning `is_flash_linear_attention_available` instead. Behavior may be different and this alias will be removed in future versions.\n"}
,{"stream_name":"stderr","time":91.33779691,"data":"Accessing `is_flash_linear_attention_available` from `.models.vitmatte.image_processing_vitmatte`. Returning `is_flash_linear_attention_available` instead. Behavior may be different and this alias will be removed in future versions.\n"}
,{"stream_name":"stderr","time":91.337843414,"data":"\n"}
,{"stream_name":"stderr","time":91.337852293,"data":"Accessing `is_flash_linear_attention_available` from `.models.vitmatte.image_processing_vitmatte`. Returning `is_flash_linear_attention_available` instead. Behavior may be different and this alias will be removed in future versions.\n"}
,{"stream_name":"stderr","time":91.338904848,"data":"Accessing `is_flash_linear_attention_available` from `.models.vitpose.image_processing_pil_vitpose`. Returning `is_flash_linear_attention_available` instead. Behavior may be different and this alias will be removed in future versions.\n"}
,{"stream_name":"stderr","time":91.338920089,"data":"\n"}
,{"stream_name":"stderr","time":91.338925048,"data":"Accessing `is_flash_linear_attention_available` from `.models.vitpose.image_processing_pil_vitpose`. Returning `is_flash_linear_attention_available` instead. Behavior may be different and this alias will be removed in future versions.\n"}
,{"stream_name":"stderr","time":91.339910038,"data":"Accessing `is_flash_linear_attention_available` from `.models.vitpose.image_processing_vitpose`. Returning `is_flash_linear_attention_available` instead. Behavior may be different and this alias will be removed in future versions.\n"}
,{"stream_name":"stderr","time":91.33992348,"data":"\n"}
,{"stream_name":"stderr","time":91.339931781,"data":"Accessing `is_flash_linear_attention_available` from `.models.vitpose.image_processing_vitpose`. Returning `is_flash_linear_attention_available` instead. Behavior may be different and this alias will be removed in future versions.\n"}
,{"stream_name":"stderr","time":91.340972914,"data":"Accessing `is_flash_linear_attention_available` from `.models.vivit.image_processing_vivit`. Returning `is_flash_linear_attention_available` instead. Behavior may be different and this alias will be removed in future versions.\n"}
,{"stream_name":"stderr","time":91.340986479,"data":"\n"}
,{"stream_name":"stderr","time":91.341026839,"data":"Accessing `is_flash_linear_attention_available` from `.models.vivit.image_processing_vivit`. Returning `is_flash_linear_attention_available` instead. Behavior may be different and this alias will be removed in future versions.\n"}
,{"stream_name":"stderr","time":91.342029628,"data":"Accessing `is_flash_linear_attention_available` from `.models.yolos.image_processing_pil_yolos`. Returning `is_flash_linear_attention_available` instead. Behavior may be different and this alias will be removed in future versions.\n"}
,{"stream_name":"stderr","time":91.342043324,"data":"\n"}
,{"stream_name":"stderr","time":91.342047607,"data":"Accessing `is_flash_linear_attention_available` from `.models.yolos.image_processing_pil_yolos`. Returning `is_flash_linear_attention_available` instead. Behavior may be different and this alias will be removed in future versions.\n"}
,{"stream_name":"stderr","time":91.343042904,"data":"Accessing `is_flash_linear_attention_available` from `.models.yolos.image_processing_yolos`. Returning `is_flash_linear_attention_available` instead. Behavior may be different and this alias will be removed in future versions.\n"}
,{"stream_name":"stderr","time":91.343055544,"data":"\n"}
,{"stream_name":"stderr","time":91.343063237,"data":"Accessing `is_flash_linear_attention_available` from `.models.yolos.image_processing_yolos`. Returning `is_flash_linear_attention_available` instead. Behavior may be different and this alias will be removed in future versions.\n"}
,{"stream_name":"stderr","time":91.34407415,"data":"Accessing `is_flash_linear_attention_available` from `.models.zoedepth.image_processing_pil_zoedepth`. Returning `is_flash_linear_attention_available` instead. Behavior may be different and this alias will be removed in future versions.\n"}
,{"stream_name":"stderr","time":91.344089033,"data":"\n"}
,{"stream_name":"stderr","time":91.344119157,"data":"Accessing `is_flash_linear_attention_available` from `.models.zoedepth.image_processing_pil_zoedepth`. Returning `is_flash_linear_attention_available` instead. Behavior may be different and this alias will be removed in future versions.\n"}
,{"stream_name":"stderr","time":91.345105755,"data":"Accessing `is_flash_linear_attention_available` from `.models.zoedepth.image_processing_zoedepth`. Returning `is_flash_linear_attention_available` instead. Behavior may be different and this alias will be removed in future versions.\n"}
,{"stream_name":"stderr","time":91.345122457,"data":"\n"}
,{"stream_name":"stderr","time":91.345127035,"data":"Accessing `is_flash_linear_attention_available` from `.models.zoedepth.image_processing_zoedepth`. Returning `is_flash_linear_attention_available` instead. Behavior may be different and this alias will be removed in future versions.\n"}
,{"stream_name":"stdout","time":93.860034201,"data":"🦥 Unsloth Zoo will now patch everything to make training faster!\n"}
,{"stream_name":"stdout","time":98.295311974,"data":"==((====))==  Unsloth 2026.7.1: Fast Qwen2 patching. Transformers: 5.5.0.\n"}
,{"stream_name":"stdout","time":98.295352088,"data":"   \\\\   /|    Tesla P100-PCIE-16GB. Num GPUs = 1. Max memory: 15.888 GB. Platform: Linux.\n"}
,{"stream_name":"stdout","time":98.295363791,"data":"O^O/ \\_/ \\    Torch: 2.10.0+cu128. CUDA: 6.0. CUDA Toolkit: 12.8. Triton: 3.6.0\n"}
,{"stream_name":"stdout","time":98.295367151,"data":"\\        /    Bfloat16 = FALSE. FA [Xformers = 0.0.35. FA2 = False]\n"}
,{"stream_name":"stdout","time":98.295370114,"data":" \"-____-\"     Free license: http://github.com/unslothai/unsloth\n"}
,{"stream_name":"stdout","time":98.295373105,"data":"Unsloth: Fast downloading is enabled - ignore downloading bars which are red colored!\n"}
,{"stream_name":"stderr","time":103.513506926,"data":"Warning: You are sending unauthenticated requests to the HF Hub. Please set a HF_TOKEN to enable higher rate limits and faster downloads.\n"}
,{"stream_name":"stderr","time":103.716283352,"data":"Warning: You are sending unauthenticated requests to the HF Hub. Please set a HF_TOKEN to enable higher rate limits and faster downloads.\n"}
,{"stream_name":"stderr","time":103.716311569,"data":"\n"}
,{"stream_name":"stderr","time":103.716316319,"data":"Warning: You are sending unauthenticated requests to the HF Hub. Please set a HF_TOKEN to enable higher rate limits and faster downloads.\n"}
,{"stream_name":"stderr","time":115.484522942,"data":"Warning: You are sending unauthenticated requests to the HF Hub. Please set a HF_TOKEN to enable higher rate limits and faster downloads.\n"}
,{"stream_name":"stderr","time":115.687276875,"data":"Warning: You are sending unauthenticated requests to the HF Hub. Please set a HF_TOKEN to enable higher rate limits and faster downloads.\n"}
,{"stream_name":"stderr","time":115.687309552,"data":"\n"}
,{"stream_name":"stderr","time":115.687316863,"data":"Warning: You are sending unauthenticated requests to the HF Hub. Please set a HF_TOKEN to enable higher rate limits and faster downloads.\n"}
,{"stream_name":"stderr","time":119.598207538,"data":"Traceback (most recent call last):\n"}
,{"stream_name":"stderr","time":119.598246514,"data":"  File \"\u003cstring\u003e\", line 1, in \u003cmodule\u003e\n"}
,{"stream_name":"stderr","time":119.598254976,"data":"  File \"/usr/local/lib/python3.12/dist-packages/papermill/execute.py\", line 131, in execute_notebook\n"}
,{"stream_name":"stderr","time":119.598371648,"data":"    raise_for_execution_errors(nb, output_path)\n"}
,{"stream_name":"stderr","time":119.598440386,"data":"  File \"/usr/local/lib/python3.12/dist-packages/papermill/execute.py\", line 251, in raise_for_execution_errors\n"}
,{"stream_name":"stderr","time":119.598625526,"data":"    raise error\n"}
,{"stream_name":"stderr","time":119.599192129,"data":"papermill.exceptions.PapermillExecutionError: \n"}
,{"stream_name":"stderr","time":119.599205526,"data":"---------------------------------------------------------------------------\n"}
,{"stream_name":"stderr","time":119.599209979,"data":"Exception encountered at \"In [5]\":\n"}
,{"stream_name":"stderr","time":119.599214501,"data":"---------------------------------------------------------------------------\n"}
,{"stream_name":"stderr","time":119.599219502,"data":"AcceleratorError                          Traceback (most recent call last)\n"}
,{"stream_name":"stderr","time":119.59922453,"data":"/tmp/ipykernel_22/3364869306.py in \u003ccell line: 0\u003e()\n"}
,{"stream_name":"stderr","time":119.599239206,"data":"      6 max_seq_length = 512\n"}
,{"stream_name":"stderr","time":119.599243718,"data":"      7 \n"}
,{"stream_name":"stderr","time":119.599248006,"data":"----\u003e 8 model, tokenizer = FastLanguageModel.from_pretrained(\n"}
,{"stream_name":"stderr","time":119.599252648,"data":"      9     model_name = model_name,\n"}
,{"stream_name":"stderr","time":119.599257294,"data":"     10     max_seq_length = max_seq_length,\n"}
,{"stream_name":"stderr","time":119.599261879,"data":"\n"}
,{"stream_name":"stderr","time":119.599265574,"data":"/usr/local/lib/python3.12/dist-packages/unsloth/models/loader_utils.py in _wrapper(*args, **kwargs)\n"}
,{"stream_name":"stderr","time":119.599270111,"data":"    785         _pb_were_disabled = _progress_bars_were_disabled()  # restore before any retry\n"}
,{"stream_name":"stderr","time":119.599274507,"data":"    786         try:\n"}
,{"stream_name":"stderr","time":119.599278309,"data":"--\u003e 787             return fn(*args, **kwargs)\n"}
,{"stream_name":"stderr","time":119.599302364,"data":"    788         except Exception as e:\n"}
,{"stream_name":"stderr","time":119.599306324,"data":"    789             # Skip if not network-related, or already retried by a nested decorator\n"}
,{"stream_name":"stderr","time":119.599310804,"data":"\n"}
,{"stream_name":"stderr","time":119.599315813,"data":"/usr/local/lib/python3.12/dist-packages/unsloth/models/loader.py in from_pretrained(model_name, max_seq_length, dtype, load_in_4bit, load_in_8bit, load_in_16bit, full_finetuning, token, device_map, rope_scaling, fix_tokenizer, trust_remote_code, use_gradient_checkpointing, resize_model_vocab, revision, use_exact_model_name, offload_embedding, float32_mixed_precision, fast_inference, gpu_memory_utilization, float8_kv_cache, random_state, max_lora_rank, disable_log_stats, qat_scheme, load_in_fp8, unsloth_tiled_mlp, text_only, *args, **kwargs)\n"}
,{"stream_name":"stderr","time":119.599341582,"data":"    836             print(f\"Unsloth: Could not patch bitsandbytes for torch.compile - {e}\")\n"}
,{"stream_name":"stderr","time":119.599347037,"data":"    837 \n"}
,{"stream_name":"stderr","time":119.599351457,"data":"--\u003e 838         model, tokenizer = dispatch_model.from_pretrained(\n"}
,{"stream_name":"stderr","time":119.599356041,"data":"    839             model_name = model_name,\n"}
,{"stream_name":"stderr","time":119.59936005,"data":"    840             max_seq_length = max_seq_length,\n"}
,{"stream_name":"stderr","time":119.59936398400001,"data":"\n"}
,{"stream_name":"stderr","time":119.599367844,"data":"/usr/local/lib/python3.12/dist-packages/unsloth/models/qwen2.py in from_pretrained(model_name, max_seq_length, dtype, load_in_4bit, token, device_map, rope_scaling, fix_tokenizer, model_patcher, tokenizer_name, trust_remote_code, **kwargs)\n"}
,{"stream_name":"stderr","time":119.599372546,"data":"     82         **kwargs,\n"}
,{"stream_name":"stderr","time":119.599387719,"data":"     83     ):\n"}
,{"stream_name":"stderr","time":119.599392911,"data":"---\u003e 84         return FastLlamaModel.from_pretrained(\n"}
,{"stream_name":"stderr","time":119.599397202,"data":"     85             model_name = model_name,\n"}
,{"stream_name":"stderr","time":119.599401262,"data":"     86             max_seq_length = max_seq_length,\n"}
,{"stream_name":"stderr","time":119.599405377,"data":"\n"}
,{"stream_name":"stderr","time":119.59941337,"data":"/usr/local/lib/python3.12/dist-packages/unsloth_zoo/temporary_patches/moe_grouped_modulelist.py in wrapper(*args, **kwargs)\n"}
,{"stream_name":"stderr","time":119.599427956,"data":"    367     @functools.wraps(func)\n"}
,{"stream_name":"stderr","time":119.599432665,"data":"    368     def wrapper(*args, **kwargs):\n"}
,{"stream_name":"stderr","time":119.59943736,"data":"--\u003e 369         result = func(*args, **kwargs)\n"}
,{"stream_name":"stderr","time":119.599443006,"data":"    370         try:\n"}
,{"stream_name":"stderr","time":119.599447292,"data":"    371             auto_enable_grouped_moe(result[0] if isinstance(result, tuple) and result else result)\n"}
,{"stream_name":"stderr","time":119.59945155,"data":"\n"}
,{"stream_name":"stderr","time":119.599455496,"data":"/usr/local/lib/python3.12/dist-packages/unsloth/models/llama.py in from_pretrained(model_name, max_seq_length, dtype, load_in_4bit, token, device_map, rope_scaling, fix_tokenizer, model_patcher, tokenizer_name, trust_remote_code, revision, fast_inference, gpu_memory_utilization, float8_kv_cache, random_state, max_lora_rank, disable_log_stats, unsloth_vllm_standby, num_labels, qat_scheme, load_in_fp8, **kwargs)\n"}
,{"stream_name":"stderr","time":119.599460755,"data":"   2677                     )\n"}
,{"stream_name":"stderr","time":119.599464712,"data":"   2678                 else:\n"}
,{"stream_name":"stderr","time":119.599468638,"data":"-\u003e 2679                     model = AutoModelForCausalLM.from_pretrained(\n"}
,{"stream_name":"stderr","time":119.599472813,"data":"   2680                         model_name,\n"}
,{"stream_name":"stderr","time":119.599476715,"data":"   2681                         device_map = device_map,\n"}
,{"stream_name":"stderr","time":119.59948095,"data":"\n"}
,{"stream_name":"stderr","time":119.599484876,"data":"/usr/local/lib/python3.12/dist-packages/transformers/models/auto/auto_factory.py in from_pretrained(cls, pretrained_model_name_or_path, *model_args, **kwargs)\n"}
,{"stream_name":"stderr","time":119.599489282,"data":"    385             if model_class.config_class == config.sub_configs.get(\"text_config\", None):\n"}
,{"stream_name":"stderr","time":119.599493645,"data":"    386                 config = config.get_text_config()\n"}
,{"stream_name":"stderr","time":119.59949765,"data":"--\u003e 387             return model_class.from_pretrained(\n"}
,{"stream_name":"stderr","time":119.599507311,"data":"    388                 pretrained_model_name_or_path, *model_args, config=config, **hub_kwargs, **kwargs\n"}
,{"stream_name":"stderr","time":119.599520579,"data":"    389             )\n"}
,{"stream_name":"stderr","time":119.599525619,"data":"\n"}
,{"stream_name":"stderr","time":119.599530305,"data":"/usr/local/lib/python3.12/dist-packages/transformers/modeling_utils.py in from_pretrained(cls, pretrained_model_name_or_path, config, cache_dir, ignore_mismatched_sizes, force_download, local_files_only, token, revision, use_safetensors, weights_only, *model_args, **kwargs)\n"}
,{"stream_name":"stderr","time":119.599536761,"data":"   4087         config = copy.deepcopy(config)  # We do not want to modify the config inplace in from_pretrained.\n"}
,{"stream_name":"stderr","time":119.599546264,"data":"   4088         with ContextManagers(model_init_context):\n"}
,{"stream_name":"stderr","time":119.599550332,"data":"-\u003e 4089             model = cls(config, *model_args, **model_kwargs)\n"}
,{"stream_name":"stderr","time":119.599554416,"data":"   4090             patch_output_recorders(model)\n"}
,{"stream_name":"stderr","time":119.599558371,"data":"   4091 \n"}
,{"stream_name":"stderr","time":119.59956224,"data":"\n"}
,{"stream_name":"stderr","time":119.599566243,"data":"/usr/local/lib/python3.12/dist-packages/transformers/models/qwen2/modeling_qwen2.py in __init__(self, config)\n"}
,{"stream_name":"stderr","time":119.599570407,"data":"    422     def __init__(self, config):\n"}
,{"stream_name":"stderr","time":119.599574428,"data":"    423         super().__init__(config)\n"}
,{"stream_name":"stderr","time":119.599578335,"data":"--\u003e 424         self.model = Qwen2Model(config)\n"}
,{"stream_name":"stderr","time":119.59958235,"data":"    425         self.vocab_size = config.vocab_size\n"}
,{"stream_name":"stderr","time":119.599586301,"data":"    426         self.lm_head = nn.Linear(config.hidden_size, config.vocab_size, bias=False)\n"}
,{"stream_name":"stderr","time":119.599590411,"data":"\n"}
,{"stream_name":"stderr","time":119.599598879,"data":"/usr/local/lib/python3.12/dist-packages/transformers/models/qwen2/modeling_qwen2.py in __init__(self, config)\n"}
,{"stream_name":"stderr","time":119.599612387,"data":"    341         )\n"}
,{"stream_name":"stderr","time":119.599617116,"data":"    342         self.norm = Qwen2RMSNorm(config.hidden_size, eps=config.rms_norm_eps)\n"}
,{"stream_name":"stderr","time":119.599622057,"data":"--\u003e 343         self.rotary_emb = Qwen2RotaryEmbedding(config=config)\n"}
,{"stream_name":"stderr","time":119.599627121,"data":"    344         self.gradient_checkpointing = False\n"}
,{"stream_name":"stderr","time":119.599631278,"data":"    345         self.has_sliding_layers = \"sliding_attention\" in self.config.layer_types\n"}
,{"stream_name":"stderr","time":119.59963558,"data":"\n"}
,{"stream_name":"stderr","time":119.599639433,"data":"/usr/local/lib/python3.12/dist-packages/unsloth/models/llama.py in __init__(self, dim, max_position_embeddings, base, device, config)\n"}
,{"stream_name":"stderr","time":119.599643792,"data":"   1784         # Build here to make `torch.jit.trace` work.\n"}
,{"stream_name":"stderr","time":119.599647768,"data":"   1785         for device_idx in range(DEVICE_COUNT):\n"}
,{"stream_name":"stderr","time":119.599651772,"data":"-\u003e 1786             self._set_cos_sin_cache(\n"}
,{"stream_name":"stderr","time":119.59965575,"data":"   1787                 seq_len = self.current_rope_size,\n"}
,{"stream_name":"stderr","time":119.599659693,"data":"   1788                 device = torch.device(device_idx),\n"}
,{"stream_name":"stderr","time":119.599663646,"data":"\n"}
,{"stream_name":"stderr","time":119.599667373,"data":"/usr/local/lib/python3.12/dist-packages/unsloth/models/llama.py in _set_cos_sin_cache(self, seq_len, device, dtype)\n"}
,{"stream_name":"stderr","time":119.599671559,"data":"   1839         # Applied here so attention_scaling survives extend_rope_embedding rebuilds;\n"}
,{"stream_name":"stderr","time":119.599675809,"data":"   1840         # default 1.0 keeps unscaled paths bit-identical.\n"}
,{"stream_name":"stderr","time":119.59967986,"data":"-\u003e 1841         cos = (emb.cos() * self.attention_scaling).to(dtype = dtype, device = device, non_blocking = True)\n"}
,{"stream_name":"stderr","time":119.599687753,"data":"   1842         sin = (emb.sin() * self.attention_scaling).to(dtype = dtype, device = device, non_blocking = True)\n"}
,{"stream_name":"stderr","time":119.599706275,"data":"   1843         self.multi_gpu_cos_cached[device.index] = cos\n"}
,{"stream_name":"stderr","time":119.599711594,"data":"\n"}
,{"stream_name":"stderr","time":119.599717139,"data":"/usr/local/lib/python3.12/dist-packages/torch/utils/_device.py in __torch_function__(self, func, types, args, kwargs)\n"}
,{"stream_name":"stderr","time":119.599721924,"data":"    107         if func in _device_constructors() and kwargs.get(\"device\") is None:\n"}
,{"stream_name":"stderr","time":119.599726264,"data":"    108             kwargs[\"device\"] = self.device\n"}
,{"stream_name":"stderr","time":119.599730421,"data":"--\u003e 109         return func(*args, **kwargs)\n"}
,{"stream_name":"stderr","time":119.599734464,"data":"    110 \n"}
,{"stream_name":"stderr","time":119.599738193,"data":"    111 \n"}
,{"stream_name":"stderr","time":119.599742004,"data":"\n"}
,{"stream_name":"stderr","time":119.599745767,"data":"AcceleratorError: CUDA error: no kernel image is available for execution on the device\n"}
,{"stream_name":"stderr","time":119.599749853,"data":"Search for `cudaErrorNoKernelImageForDevice' in https://docs.nvidia.com/cuda/cuda-runtime-api/group__CUDART__TYPES.html for more information.\n"}
,{"stream_name":"stderr","time":119.599754256,"data":"CUDA kernel errors might be asynchronously reported at some other API call, so the stacktrace below might be incorrect.\n"}
,{"stream_name":"stderr","time":119.599761208,"data":"For debugging consider passing CUDA_LAUNCH_BLOCKING=1\n"}
,{"stream_name":"stderr","time":119.599765278,"data":"Compile with `TORCH_USE_CUDA_DSA` to enable device-side assertions.\n"}
,{"stream_name":"stderr","time":119.599769288,"data":"\n"}
,{"stream_name":"stderr","time":119.599773045,"data":"\n"}
,{"stream_name":"stderr","time":122.055167494,"data":"/usr/local/lib/python3.12/dist-packages/mistune.py:435: SyntaxWarning: invalid escape sequence '\\|'\n"}
,{"stream_name":"stderr","time":122.055208002,"data":"  cells[i][c] = re.sub('\\\\\\\\\\|', '|', cell)\n"}
,{"stream_name":"stderr","time":122.218570568,"data":"/usr/local/lib/python3.12/dist-packages/nbconvert/filters/filter_links.py:36: SyntaxWarning: invalid escape sequence '\\_'\n"}
,{"stream_name":"stderr","time":122.218603395,"data":"  text = re.sub(r'_', '\\_', text) # Escape underscores in display text\n"}
,{"stream_name":"stderr","time":122.925453456,"data":"[NbConvertApp] Converting notebook __notebook__.ipynb to notebook\n"}
,{"stream_name":"stderr","time":123.351703625,"data":"[NbConvertApp] Writing 165727 bytes to __notebook__.ipynb\n"}
,{"stream_name":"stderr","time":126.073322913,"data":"[NbConvertApp] Converting notebook __notebook__.ipynb to html\n"}
,{"stream_name":"stderr","time":126.985998361,"data":"[NbConvertApp] Writing 440727 bytes to __results__.html\n"}
]